dpd_atc_num,dpd_route,atc_description,brand_names,num_shortages,cumulative_num_shortages,cumulative_percent_total
C09CA01,ORAL,LOSARTAN,"APO-LOSARTAN, AURO-LOSARTAN, BIO-LOSARTAN, COZAAR, JAMP-LOSARTAN, LOSARTAN, MINT-LOSARTAN, MYLAN-LOSARTAN, PMS-LOSARTAN, PRIVA-LOSARTAN, SANDOZ LOSARTAN, SEPTA-LOSARTAN, TEVA-LOSARTAN, VAN-LOSARTAN",79,79,1.6
C09CA06,ORAL,CANDESARTAN,"ACCEL-CANDESARTAN, ACH-CANDESARTAN, APO-CANDESARTAN, AURO-CANDESARTAN, CANDESARTAN, JAMP-CANDESARTAN, MINT-CANDESARTAN, MYLAN-CANDESARTAN, PMS-CANDESARTAN, TARO-CANDESARTAN, SANDOZ CANDESARTAN, TEVA-CANDESARTAN",78,157,3.1
N05AH03,ORAL,OLANZAPINE,"ACT OLANZAPINE ODT, APO-OLANZAPINE, APO-OLANZAPINE ODT, AURO-OLANZAPINE ODT, JAMP OLANZAPINE ODT, MAR-OLANZAPINE, MAR-OLANZAPINE ODT, MINT-OLANZAPINE ODT, MYLAN-OLANZAPINE, OLANZAPINE, OLANZAPINE ODT, PMS-OLANZAPINE, PMS-OLANZAPINE ODT, RAN-OLANZAPINE ODT, SANDOZ OLANZAPINE, VAN-OLANZAPINE",77,234,4.6
N06AX16,ORAL,VENLAFAXINE,"APO-VENLAFAXINE XR, AURO-VENLAFAXINE XR, MYLAN-VENLAFAXINE XR, PMS-VENLAFAXINE XR, RAN-VENLAFAXINE XR, RIVA-VENLAFAXINE XR, SANDOZ VENLAFAXINE XR, TEVA-VENLAFAXINE XR, VENLAFAXINE XR",71,305,6
C09CA04,ORAL,IRBESARTAN,"APO-IRBESARTAN, AURO-IRBESARTAN, AVAPRO, BIO-IRBESARTAN, IRBESARTAN, JAMP-IRBESARTAN, MINT-IRBESARTAN, MYLAN-IRBESARTAN, PMS-IRBESARTAN, PRIVA-IRBESARTAN, TARO-IRBESARTAN, SANDOZ IRBESARTAN, TEVA-IRBESARTAN, VAN-IRBESARTAN",69,374,7.4
C09DA01,ORAL,LOSARTAN AND DIURETICS,"APO-LOSARTAN/HCTZ, AURO-LOSARTAN HCT, HYZAAR, HYZAAR 50/12.5MG, HYZAAR DS 100/25 MG, JAMP-LOSARTAN HCTZ, LOSARTAN HCT, LOSARTAN-HCTZ, LOSARTAN/HCTZ, MINT-LOSARTAN/HCTZ, MINT-LOSARTAN/HCTZ DS, MYLAN-LOSARTAN HCTZ, PMS-LOSARTAN-HCTZ, SANDOZ LOSARTAN HCT, SANDOZ LOSARTAN HCT DS, TEVA-LOSARTAN/HCTZ",65,439,8.7
C10AA07,ORAL,ROSUVASTATIN,"APO-ROSUVASTATIN, AURO-ROSUVASTATIN, BIO-ROSUVASTATIN, MAR-ROSUVASTATIN, MINT-ROSUVASTATIN, MYLAN-ROSUVASTATIN, PMS-ROSUVASTATIN, PRIVA-ROSUVASTATIN, TARO-ROSUVASTATIN, ROSUVASTATIN, SANDOZ ROSUVASTATIN, TEVA-ROSUVASTATIN",63,502,9.9
N05AH04,ORAL,QUETIAPINE,"ACT QUETIAPINE, APO-QUETIAPINE, APO-QUETIAPINE XR, AURO-QUETIAPINE, BIO-QUETIAPINE, MAR-QUETIAPINE, MINT-QUETIAPINE, NAT-QUETIAPINE, PMS-QUETIAPINE, PRIVA-QUETIAPINE, QUETIAPINE, QUETIAPINE XR, RAN-QUETIAPINE, SANDOZ QUETIAPINE, TEVA-QUETIAPINE XR, VAN-QUETIAPINE",58,560,11.1
C10AA01,ORAL,SIMVASTATIN,"APO-SIMVASTATIN, AURO-SIMVASTATIN, MAR-SIMVASTATIN, MINT-SIMVASTATIN, MYLAN-SIMVASTATIN, PHARMA-SIMVASTATIN, PMS-SIMVASTATIN, TARO-SIMVASTATIN, RIVA-SIMVASTATIN, SIMVASTATIN, TEVA-SIMVASTATIN, ZOCOR",49,609,12
A02BA02,ORAL,RANITIDINE,"ACT RANITIDINE, APO-RANITIDINE, APO-RANITIDINE TABLET 150MG, APO-RANITIDINE TABLET 300MG, JAMP-RANITIDINE, M-RANITIDINE, MAR-RANITIDINE, PMS-RANITIDINE 150 MG, PMS-RANITIDINE 300 MG, RAN-RANITIDINE, RANITIDINE, RIVA-RANITIDINE 150, RIVA-RANITIDINE 300, SANDOZ RANITIDINE",47,656,13
C09CA03,ORAL,VALSARTAN,"AURO-VALSARTAN, DIOVAN 80MG TABLETS, MYLAN-VALSARTAN, TARO-VALSARTAN, SANDOZ VALSARTAN, VALSARTAN",47,703,13.9
C09DA04,ORAL,IRBESARTAN AND DIURETICS,"AURO-IRBESARTAN HCT, AVALIDE, IRBESARTAN HCT, IRBESARTAN-HCTZ, IRBESARTAN/HCTZ, JAMP-IRBESARTAN AND HYDROCHLOROTHIAZIDE, MINT-IRBESARTAN/HCTZ, PMS-IRBESARTAN-HCTZ, TEVA-IRBESARTAN HCTZ, SANDOZ IRBESARTAN HCT",47,750,14.8
G04BE08,ORAL,TADALAFIL,"APO-TADALAFIL, APO-TADALAFIL PAH, AURO-TADALAFIL, MAR-TADALAFIL, MYLAN-TADALAFIL, PMS-TADALAFIL, PRIVA-TADALAFIL, RAN-TADALAFIL, RIVA-TADALAFIL, TADALAFIL, TEVA-TADALAFIL",46,796,15.7
C08DB01,ORAL,DILTIAZEM,"ACT DILTIAZEM CD, APO-DILTIAZ, APO-DILTIAZ CD, DILTIAZEM - CD, DILTIAZEM CD, DILTIAZEM TZ, SANDOZ DILTIAZEM CD, SANDOZ DILTIAZEM T, TEVA-DILTIAZEM, TEVA-DILTIAZEM CD",45,841,16.6
A02BC02,ORAL,PANTOPRAZOLE,"APO-PANTOPRAZOLE, AURO-PANTOPRAZOLE, BIO-PANTOPRAZOLE, MAR-PANTOPRAZOLE, MINT-PANTOPRAZOLE, MYLAN-PANTOPRAZOLE, MYLAN-PANTOPRAZOLE T, PANTOPRAZOLE, PANTOPRAZOLE MAGNESIUM, PANTOPRAZOLE T, PMS-PANTOPRAZOLE, PRIVA-PANTOPRAZOLE, SANDOZ PANTOPRAZOLE, TECTA, TEVA-PANTOPRAZOLE, TEVA-PANTOPRAZOLE MAGNESIUM",43,884,17.5
N06AB06,ORAL,SERTRALINE,"APO-SERTRALINE, AURO-SERTRALINE, BIO-SERTRALINE, MAR-SERTRALINE, MINT-SERTRALINE, PMS-SERTRALINE, PRIVA-SERTRALINE, SANDOZ SERTRALINE, SERTRALINE, SERTRALINE-100, TEVA-SERTRALINE, VAN-SERTRALINE",42,926,18.3
C09CA07,ORAL,TELMISARTAN,"APO-TELMISARTAN, AURO-TELMISARTAN, MICARDIS 40MG TAB, MICARDIS 80MG TAB, MYLAN-TELMISARTAN, SANDOZ TELMISARTAN, TELMISARTAN, TELMISARTAN TABLETS, TEVA-TELMISARTAN",41,967,19.1
N04BC05,ORAL,PRAMIPEXOLE,"ACT PRAMIPEXOLE, APO-PRAMIPEXOLE, AURO-PRAMIPEXOLE, MIRAPEX, PMS-PRAMIPEXOLE, PRAMIPEXOLE, SANDOZ PRAMIPEXOLE",41,1008,19.9
N06AB10,ORAL,ESCITALOPRAM,"ACH-ESCITALOPRAM, ACT ESCITALOPRAM ODT, APO-ESCITALOPRAM, ESCITALOPRAM, MAR-ESCITALOPRAM, MINT-ESCITALOPRAM, MYLAN-ESCITALOPRAM, NAT-ESCITALOPRAM, PHARMA-ESCITALOPRAM, PRIVA-ESCITALOPRAM, RAN-ESCITALOPRAM, SANDOZ ESCITALOPRAM, TEVA-ESCITALOPRAM",40,1048,20.7
C10AA03,ORAL,PRAVASTATIN,"APO-PRAVASTATIN, AURO-PRAVASTATIN, BIO-PRAVASTATIN, JAMP-PRAVASTATIN, PMS-PRAVASTATIN, PRAVASTATIN, PRIVA-PRAVASTATIN, RAN-PRAVASTATIN, SANDOZ PRAVASTATIN TABLETS, TEVA-PRAVASTATIN",38,1086,21.4
N03AX14,ORAL,LEVETIRACETAM,"ACT LEVETIRACETAM, APO-LEVETIRACETAM, BIO-LEVETIRACETAM, JAMP-LEVETIRACETAM, LEVETIRACETAM, NAT-LEVETIRACETAM, PRIVA-LEVETIRACETAM, RIVA-LEVETIRACETAM, SANDOZ LEVETIRACETAM",37,1123,22.2
C09AA02,ORAL,ENALAPRIL,"ACT ENALAPRIL, APO-ENALAPRIL TAB 10MG, APO-ENALAPRIL TAB 2.5MG, APO-ENALAPRIL TAB 5MG, ENALAPRIL, MYLAN-ENALAPRIL, RAN-ENALAPRIL, SANDOZ ENALAPRIL, VASOTEC",36,1159,22.9
N06BA04,ORAL,METHYLPHENIDATE,"ACT METHYLPHENIDATE ER, APO-METHYLPHENIDATE, APO-METHYLPHENIDATE ER, METHYLPHENIDATE, PMS-METHYLPHENIDATE, TEVA-METHYLPHENIDATE ER-C",36,1195,23.6
C09AA05,ORAL,RAMIPRIL,"ALTACE, APO-RAMIPRIL, JAMP-RAMIPRIL, MAR-RAMIPRIL, PMS-RAMIPRIL, PRO-RAMIPRIL - 1.25, RAMIPRIL, TARO-RAMIPRIL, TEVA-RAMIPRIL, VAN-RAMIPRIL",35,1230,24.3
N03AX12,ORAL,GABAPENTIN,"APO-GABAPENTIN, APO-GABAPENTIN CAPSULES, BIO-GABAPENTIN, GABAPENTIN, GABAPENTIN TABLETS USP, GD-GABAPENTIN, JAMP-GABAPENTIN TABLETS, MAR-GABAPENTIN, NEURONTIN CAP 300MG, PMS-GABAPENTIN, PRIVA-GABAPENTIN, PRO-GABAPENTIN, RAN-GABAPENTIN, TEVA-GABAPENTIN, VAN-GABAPENTIN",34,1264,25
N06AB04,ORAL,CITALOPRAM,"APO-CITALOPRAM, AURO-CITALOPRAM, BIO-CITALOPRAM, MAR-CITALOPRAM, MINT-CITALOPRAM, MYLAN-CITALOPRAM, NAT-CITALOPRAM, PMS-CITALOPRAM, PRIVA-CITALOPRAM, RAN-CITALO, SANDOZ CITALOPRAM, SEPTA-CITALOPRAM, TEVA-CITALOPRAM, VAN-CITALOPRAM",34,1298,25.6
M01AH01,ORAL,CELECOXIB,"ACT CELECOXIB, APO-CELECOXIB, AURO-CELECOXIB, BIO-CELECOXIB, CELECOXIB, MAR-CELECOXIB, MYLAN-CELECOXIB, PMS-CELECOXIB, PRIVA-CELECOXIB, RAN-CELECOXIB, SDZ CELECOXIB",33,1331,26.3
N06BA09,ORAL,ATOMOXETINE,"APO-ATOMOXETINE, ATOMOXETINE, AURO-ATOMOXETINE, MYLAN-ATOMOXETINE, PMS-ATOMOXETINE, SANDOZ ATOMOXETINE, TEVA-ATOMOXETINE",33,1364,26.9
C09CA08,ORAL,OLMESARTAN MEDOXOMIL,"ACT OLMESARTAN, APO-OLMESARTAN, AURO-OLMESARTAN, JAMP-OLMESARTAN, OLMETEC, PMS-OLMESARTAN, RIVA-OLMESARTAN, SANDOZ OLMESARTAN",32,1396,27.6
R03DC03,ORAL,MONTELUKAST,"APO-MONTELUKAST, AURO-MONTELUKAST, MAR-MONTELUKAST, MINT-MONTELUKAST, MONTELUKAST, MONTELUKAST SODIUM TABLETS, PMS-MONTELUKAST, PMS-MONTELUKAST FC, RAN-MONTELUKAST, SANDOZ MONTELUKAST, SANDOZ MONTELUKAST TABLET, SINGULAIR, TEVA-MONTELUKAST",32,1428,28.2
C09DA07,ORAL,TELMISARTAN AND DIURETICS,"ACH-TELMISARTAN HCTZ, AURO-TELMISARTAN HCTZ, MICARDIS PLUS, SANDOZ TELMISARTAN HCT, TELMISARTAN HCTZ, TELMISARTAN-HCTZ, TELMISARTAN/HCTZ, TEVA-TELMISARTAN HCTZ",31,1459,28.8
A02BC03,ORAL,LANSOPRAZOLE,"APO-LANSOPRAZOLE, LANSOPRAZOLE, MYLAN-LANSOPRAZOLE, PREVACID FASTAB, TARO-LANSOPRAZOLE, RIVA-LANSOPRAZOLE, SANDOZ LANSOPRAZOLE, TEVA-LANSOPRAZOLE",28,1487,29.4
C10AA05,ORAL,ATORVASTATIN,"APO-ATORVASTATIN, AURO-ATORVASTATIN, MAR-ATORVASTATIN, MYLAN-ATORVASTATIN, ATORVASTATIN, TARO-ATORVASTATIN, SANDOZ ATORVASTATIN, TEVA-ATORVASTATIN",28,1515,29.9
J01MA02,ORAL,CIPROFLOXACIN,"ACT CIPROFLOXACIN, APO-CIPROFLOX, BIO-CIPROFLOXACIN, CIPRO XL, CIPROFLOXACIN, JAMP-CIPROFLOXACIN, MAR-CIPROFLOXACIN, MINT-CIPROFLOX, MYLAN-CIPROFLOXACIN, PMS-CIPROFLOXACIN, PMS-CIPROFLOXACIN XL, PRIVA-CIPROFLOXACIN, TARO-CIPROFLOX, SANDOZ CIPROFLOXACIN, VAN-CIPROFLOXACIN",28,1543,30.5
C08CA01,ORAL,AMLODIPINE,"APO-AMLODIPINE, BIO-AMLODIPINE, MAR-AMLODIPINE TABLETS, MINT-AMLODIPINE, MYLAN-AMLODIPINE, NORVASC, PHARMA-AMLODIPINE, PRIVA-AMLODIPINE, RAN-AMLODIPINE, VAN-AMLODIPINE",26,1569,31
N03AX16,ORAL,PREGABALIN,"APO-PREGABALIN, AURO-PREGABALIN, MINT-PREGABALIN, MYLAN-PREGABALIN, PMS-PREGABALIN, PREGABALIN, RAN-PREGABALIN, TEVA-PREGABALIN",26,1595,31.5
C08DA01,ORAL,VERAPAMIL,"APO-VERAP TAB 80MG, APO-VERAP TABLET 120MG, ISOPTIN SR, MYLAN-VERAPAMIL, MYLAN-VERAPAMIL SR, PMS-VERAPAMIL SR, PRO-VERAPAMIL SR",25,1620,32
N05BA12,ORAL,ALPRAZOLAM,"ALPRAZOLAM, ALPRAZOLAM-0.25, ALPRAZOLAM-0.5, APO-ALPRAZ, APO-ALPRAZ TS, JAMP-ALPRAZOLAM, MYLAN-ALPRAZOLAM, XANAX TAB 1MG, XANAX TS",25,1645,32.5
D07AC01,TOPICAL,BETAMETHASONE,"BETADERM CRM 0.05%, BETADERM CRM 0.1%, BETADERM LOTION 0.1%, BETADERM ONT 0.05%, BETADERM ONT 0.1%, DIPROLENE, DIPROSONE CREAM, DIPROSONE OINTMENT, LUXIQ, TEVA-ECTOSONE, TARO-SONE",23,1668,32.9
M01AE02,ORAL,NAPROXEN,"APO-NAPRO-NA, APO-NAPRO-NA DS, APO-NAPROXEN, APO-NAPROXEN EC, APO-NAPROXEN EC TABLETS, MYLAN-NAPROXEN EC, NAPROSYN, NAPROXEN EC, PRO-NAPROXEN EC - 375, PRO-NAPROXEN EC",23,1691,33.4
C07AB02,ORAL,METOPROLOL,"APO-METOPROLOL SR, LOPRESOR SR 100MG, LOPRESOR SR 200 MG, METOPROLOL-L, PMS-METOPROLOL-L, SANDOZ METOPROLOL SR, TEVA-METOPROLOL",22,1713,33.8
M01AB05,ORAL,DICLOFENAC,"APO-DICLO, APO-DICLO RAPIDE 50 MG TABLETS, APO-DICLO SR, DICLOFENAC K, DICLOFENAC-SR, PMS-DICLOFENAC, PMS-DICLOFENAC-SR, SANDOZ DICLOFENAC RAPIDE, SANDOZ-DICLOFENAC, SANDOZ-DICLOFENAC SR, VOLTAREN RAPIDE TABLETS 50MG",22,1735,34.3
N05AX08,ORAL,RISPERIDONE,"APO-RISPERIDONE, MAR-RISPERIDONE, MYLAN-RISPERIDONE ODT, PMS-RISPERIDONE, RAN-RISPERIDONE, TEVA-RISPERIDONE",22,1757,34.7
N06AB05,ORAL,PAROXETINE,"APO-PAROXETINE, AURO-PAROXETINE, BIO-PAROXETINE, MAR-PAROXETINE, MINT-PAROXETINE, MYLAN-PAROXETINE, PAROXETINE, PAXIL TAB 20MG, PRIVA-PAROXETINE, TEVA-PAROXETINE",22,1779,35.1
N06AX21,ORAL,DULOXETINE,"APO-DULOXETINE, AURO-DULOXETINE, DULOXETINE, DULOXETINE DR, MINT-DULOXETINE, MYLAN-DULOXETINE, PMS-DULOXETINE, SANDOZ DULOXETINE",22,1801,35.6
N06DA02,ORAL,DONEPEZIL,"APO-DONEPEZIL, BIO-DONEPEZIL, JAMP-DONEPEZIL TABLETS, MAR-DONEPEZIL, MYLAN-DONEPEZIL, NAT-DONEPEZIL, SANDOZ DONEPEZIL ODT, SEPTA DONEPEZIL, TEVA-DONEPEZIL, VAN-DONEPEZIL",22,1823,36
B05XA03,INTRAVENOUS,SODIUM CHLORIDE,"0.9% SODIUM CHLORIDE INJECTION, USP, SODIUM CHLORIDE INJ 23.4%, SODIUM CHLORIDE INJECTION USP, SODIUM CHLORIDE INJECTION, USP",21,1844,36.4
G04BD08,ORAL,SOLIFENACIN,"AURO-SOLIFENACIN, MINT-SOLIFENACIN, PMS-SOLIFENACIN, TARO-SOLIFENACIN, SANDOZ SOLIFENACIN, SOLIFENACIN, TEVA-SOLIFENACIN",21,1865,36.8
N04BA02,ORAL,LEVODOPA AND DECARBOXYLASE INHIBITOR,"APO-LEVOCARB - TAB 25MG/250MG, AA-LEVOCARB CR, APO-LEVOCARB-TAB 25MG/100MG, SINEMET 100/25, SINEMET 250/25, SINEMET CR 100/25, SINEMET CR 200/50, TEVA-LEVOCARBIDOPA",21,1886,37.3
A10BA02,ORAL,METFORMIN,"APO-METFORMIN ER, GLUMETZA, MINT-METFORMIN, MYLAN-METFORMIN, PMS-METFORMIN, PMS-METFORMIN - TAB 500MG, RAN-METFORMIN, RATIO-METFORMIN",20,1906,37.6
C08CA05,ORAL,NIFEDIPINE,"ADALAT XL - SRT 20MG, ADALAT XL - SRT 30MG, ADALAT XL - SRT 60MG, MYLAN-NIFEDIPINE EXTENDED RELEASE, NIFEDIPINE, NIFEDIPINE ER, PMS-NIFEDIPINE ER",20,1926,38
C09DA06,ORAL,CANDERSARTAN AND DIURETICS,"ATACAND PLUS, AURO-CANDESARTAN HCT, CANDESARTAN HCT, CANDESARTAN-HCTZ, CANDESARTAN/HCTZ, PMS-CANDESARTAN HCTZ, SANDOZ CANDESARTAN PLUS, TEVA-CANDESARTAN/HCTZ",20,1946,38.4
A04AA01,ORAL,ONDANSETRON,"APO-ONDANSETRON, MAR-ONDANSETRON, MYLAN-ONDANSETRON, ONDANSETRON, ONDANSETRON ODT, ONDISSOLVE ODF, PMS-ONDANSETRON, SANDOZ ONDANSETRON, VPI-ONDANSETRON ODT, ZOFRAN",19,1965,38.8
J01MA12,ORAL,LEVOFLOXACIN,"ACT LEVOFLOXACIN, APO-LEVOFLOXACIN, SANDOZ LEVOFLOXACIN",19,1984,39.2
N05CD08,INTRAMUSCULAR,MIDAZOLAM,"MIDAZOLAM INJECTION, MIDAZOLAM INJECTION USP",19,2003,39.6
A02BC05,ORAL,ESOMEPRAZOLE,"TEVA-ESOMEPRAZOLE, APO-ESOMEPRAZOLE, ESOMEPRAZOLE, MYLAN-ESOMEPRAZOLE, PMS-ESOMEPRAZOLE DR, RAN-ESOMEPRAZOLE, SANDOZ ESOMEPRAZOLE",18,2021,39.9
C09DA08,ORAL,OLMESARTAN MEDOXOMIL AND DIURETICS,"ACH-OLMESARTAN HCTZ, ACT OLMESARTAN HCT, APO-OLMESARTAN/HCTZ, OLMETEC PLUS",18,2039,40.3
D10AF51,TOPICAL,"CLINDAMYCIN, COMBINATIONS","BENZACLIN TOPICAL GEL, CLINDOXYL ADV GEL, CLINDOXYL GEL, TARO-BENZOYL PEROXIDE / CLINDAMYCIN KIT, TARO-CLINDAMYCIN/BENZOYL PEROXIDE GEL",18,2057,40.6
M05BA04,ORAL,ALENDRONIC ACID,"ALENDRONATE, APO-ALENDRONATE, AURO-ALENDRONATE, JAMP-ALENDRONATE, MYLAN-ALENDRONATE, PMS-ALENDRONATE-FC, TEVA-ALENDRONATE, VAN-ALENDRONATE",18,2075,41
N03AF01,ORAL,CARBAMAZEPINE,"PMS-CARBAMAZEPINE-CR, SANDOZ-CARBAMAZEPINE CR, TARO-CARBAMAZEPINE, TARO-CARBAMAZEPINE CHEWABLE TABLETS 100MG, TARO-CARBAMAZEPINE CHEWABLE TABLETS 200MG, TEGRETOL - SUS 100MG/5ML, TEGRETOL 200MG, TEVA-CARBAMAZEPINE",18,2093,41.3
N06AX11,ORAL,MIRTAZAPINE,"APO-MIRTAZAPINE, AURO-MIRTAZAPINE OD, MYLAN-MIRTAZAPINE, PMS-MIRTAZAPINE, PRO-MIRTAZAPINE, REMERON, REMERON RD, SANDOZ MIRTAZAPINE",18,2111,41.7
N06BA01,ORAL,AMFETAMINE,"ACT AMPHETAMINE XR, ADDERALL XR, PMS-AMPHETAMINES XR, SANDOZ AMPHETAMINE XR",18,2129,42.1
J05AB09,ORAL,FAMCICLOVIR,"ACT FAMCICLOVIR, APO-FAMCICLOVIR, PMS-FAMCICLOVIR, SANDOZ FAMCICLOVIR",17,2146,42.4
J07BC02,INTRAMUSCULAR,"HEPATITIS A, INACTIVATED, WHOLE VIRUS","AVAXIM, AVAXIM - PEDIATRIC       -(SYRINGE), HAVRIX - SUS IM 1440 ELISA UNITS/ML, HAVRIX 720 JUNIOR, VAQTA",17,2163,42.7
L01AX03,ORAL,TEMOZOLOMIDE,"ACH-TEMOZOLOMIDE, ACT TEMOZOLOMIDE, TARO-TEMOZOLOMIDE, TEMODAL",17,2180,43.1
M05BA07,ORAL,RISEDRONIC ACID,"ACTONEL, APO-RISEDRONATE, AURO-RISEDRONATE, JAMP-RISEDRONATE, PMS-RISEDRONATE, RISEDRONATE-35, SANDOZ RISEDRONATE, TEVA-RISEDRONATE",17,2197,43.4
N02CC04,ORAL,RIZATRIPTAN,"ACT RIZATRIPTAN, APO-RIZATRIPTAN, AURO-RIZATRIPTAN, MAXALT RPD, PMS-RIZATRIPTAN RDT, RIZATRIPTAN ODT, RIZATRIPTAN RDT, SANDOZ RIZATRIPTAN ODT, TEVA-RIZATRIPTAN ODT, VAN-RIZATRIPTAN, VAN-RIZATRIPTAN ODT",17,2214,43.7
N03AX11,ORAL,TOPIRAMATE,"APO-TOPIRAMATE, JAMP-TOPIRAMATE, MAR-TOPIRAMATE, PMS-TOPIRAMATE, SANDOZ TOPIRAMATE TABLETS, TOPIRAMATE",17,2231,44.1
N04BC04,ORAL,ROPINIROLE,"ACT ROPINIROLE, JAMP-ROPINIROLE, PMS-ROPINIROLE, RAN-ROPINIROLE, ROPINIROLE",17,2248,44.4
N06AX12,ORAL,BUPROPION,"ACT BUPROPION XL, BUPROPION SR, MYLAN-BUPROPION XL, WELLBUTRIN SR, WELLBUTRIN XL, ZYBAN",17,2265,44.7
A04AD11,ORAL,NABILONE,"ACT NABILONE, CESAMET, PMS-NABILONE, TEVA-NABILONE",16,2281,45.1
A10BG03,ORAL,PIOGLITAZONE,"ACCEL PIOGLITAZONE, ACH-PIOGLITAZONE, JAMP-PIOGLITAZONE, MINT-PIOGLITAZONE, MYLAN-PIOGLITAZONE, PMS-PIOGLITAZONE, SANDOZ PIOGLITAZONE, VAN-PIOGLITAZONE",16,2297,45.4
A10BX02,ORAL,REPAGLINIDE,"AURO-REPAGLINIDE, GLUCONORM 0.5MG, REPAGLINIDE, SANDOZ REPAGLINIDE",16,2313,45.7
B05BA03,INTRAVENOUS,CARBOHYDRATES,"5% DEXTROSE INJECTION, USP, DEXTROSE INJECTION USP",16,2329,46
C07AB04,ORAL,ACEBUTOLOL,"ACEBUTOLOL, ACEBUTOLOL - 400, ACEBUTOLOL-100, APO-ACEBUTOLOL, MYLAN-ACEBUTOLOL, SECTRAL, TEVA-ACEBUTOLOL",16,2345,46.3
C07AG02,ORAL,CARVEDILOL,"APO-CARVEDILOL, AURO-CARVEDILOL, CARVEDILOL, PMS-CARVEDILOL",16,2361,46.6
G03AA07,ORAL,LEVONORGESTREL AND ESTROGEN,"ALYSENA 21, ALYSENA 28, AVIANE 28, ESME 21, ESME 28, INDAYO, OVIMA 21, OVIMA 28, PORTIA 21, PORTIA 28, SEASONALE",16,2377,46.9
G04BE03,ORAL,SILDENAFIL,"APO-SILDENAFIL, MAR-SILDENAFIL, MYL-SILDENAFIL, SILDENAFIL, VIAGRA",16,2393,47.3
N02CC03,ORAL,ZOLMITRIPTAN,"JAMP-ZOLMITRIPTAN, JAMP-ZOLMITRIPTAN ODT, MYLAN-ZOLMITRIPTAN, MYLAN-ZOLMITRIPTAN ODT, PMS-ZOLMITRIPTAN, SANDOZ ZOLMITRIPTAN, SANDOZ ZOLMITRIPTAN ODT, VAN-ZOLMITRIPTAN ODT, ZOLMITRIPTAN, ZOLMITRIPTAN ODT, ZOMIG RAPIMELT",16,2409,47.6
N05AX12,ORAL,ARIPIPRAZOLE,"APO-ARIPIPRAZOLE, AURO-ARIPIPRAZOLE, PMS-ARIPIPRAZOLE, TEVA-ARIPIPRAZOLE",16,2425,47.9
N06AB03,ORAL,FLUOXETINE,"APO-FLUOXETINE, BIO-FLUOXETINE, FLUOXETINE, MINT-FLUOXETINE, MYLAN-FLUOXETINE, PMS-FLUOXETINE - CAP 10MG, PMS-FLUOXETINE - CAP 20MG, PRIVA-FLUOXETINE, VAN-FLUOXETINE",16,2441,48.2
B01AA03,ORAL,WARFARIN,"APO-WARFARIN, COUMADIN TAB 10MG, COUMADIN TAB 1MG, COUMADIN TAB 6 MG, TARO-WARFARIN",15,2456,48.5
C10AX09,ORAL,EZETIMIBE,"APO-EZETIMIBE, BIO-EZETIMIBE, EZETROL, MAR-EZETIMIBE, PMS-EZETIMIBE, RAN-EZETIMIBE, SANDOZ EZETIMIBE",15,2471,48.8
D07AC13,TOPICAL,MOMETASONE,"ELOCOM CREAM, ELOCOM OINTMENT, TARO-MOMETASONE CREAM, TARO-MOMETASONE LOTION",15,2486,49.1
D07AD01,TOPICAL,CLOBETASOL,"APO-CLOBETASOL SPRAY, DERMOVATE CREAM, DERMOVATE SCALP APPLICATION, OLUX-E, TARO-CLOBETASOL CREAM USP, 0.05%, TARO-CLOBETASOL OINTMENT USP, 0.05%, TARO-CLOBETASOL TOPICAL SOLUTION USP, 0.05%, TEVA-CLOBETASOL",15,2501,49.4
J05AB11,ORAL,VALACICLOVIR,"APO-VALACYCLOVIR, AURO-VALACYCLOVIR, JAMP-VALACYCLOVIR, MAR-VALACYCLOVIR, MYLAN-VALACYCLOVIR, PMS-VALACYCLOVIR, PRIVA-VALACYCLOVIR, TEVA-VALACYCLOVIR, VALACYCLOVIR",15,2516,49.7
N03AX09,ORAL,LAMOTRIGINE,"APO-LAMOTRIGINE, LAMICTAL, LAMOTRIGINE, LAMOTRIGINE-150, LAMOTRIGINE-25, MYLAN-LAMOTRIGINE, PMS-LAMOTRIGINE",15,2531,50
D07AB09,TOPICAL,TRIAMCINOLONE,"ARISTOCORT C, ARISTOCORT R, TRIADERM CRM 0.1%",14,2545,50.3
D07AC08,TOPICAL,FLUOCINONIDE,"LIDEMOL EMOLLIENT CREAM 0.05%, LIDEX, LYDERM CREAM 0.05%, LYDERM GEL 0.05%, LYDERM OINTMENT 0.05%, TIAMOL CREAM 0.05%",14,2559,50.5
N01BB02,BLOCK/INFILTRATION,LIDOCAINE,"LIDOCAINE 2% AND EPINEPHRINE 1:100,000 INJECTION, LIDOCAINE HCL INJECTION, LIDOCAINE HYDROCHLORIDE INJECTION USP, XYLOCAINE 1%, XYLOCAINE 2%",14,2573,50.8
N02CC01,ORAL,SUMATRIPTAN,"ACT SUMATRIPTAN, APO-SUMATRIPTAN, IMITREX DF - TAB 100MG, MYLAN-SUMATRIPTAN, PMS-SUMATRIPTAN, SUMATRIPTAN",14,2587,51.1
N03AG01,ORAL,VALPROIC ACID,"APO-DIVALPROEX, DEPAKENE, EPIVAL, MYLAN-DIVALPROEX",14,2601,51.4
A06AA02,ORAL,DOCUSATE SODIUM,"PMS-DOCUSATE SODIUM, SOFLAX, SOFLAX CAPSULES 100MG, SOFLAX SYRUP 4MG/ML, TARO-DOCUSATE",13,2614,51.6
B01AB10,SUBCUTANEOUS,TINZAPARIN,INNOHEP,13,2627,51.9
B01AC04,ORAL,CLOPIDOGREL,"APO-CLOPIDOGREL, JAMP-CLOPIDOGREL, MAR-CLOPIDOGREL, MINT-CLOPIDOGREL, PMS-CLOPIDOGREL, RAN-CLOPIDOGREL, SANDOZ CLOPIDOGREL, TEVA-CLOPIDOGREL",13,2640,52.1
C07AB03,ORAL,ATENOLOL,"APO-ATENOL TAB 100MG, APO-ATENOL TAB 50MG, JAMP-ATENOLOL, MAR-ATENOLOL, MYLAN-ATENOLOL, PMS-ATENOLOL, TARO-ATENOLOL",13,2653,52.4
G03BA03,ORAL,TESTOSTERONE,"PMS-TESTOSTERONE, TARO-TESTOSTERONE",13,2666,52.7
G03BA03,TRANSDERMAL,TESTOSTERONE,"ANDROGEL, TARO-TESTOSTERONE GEL, TESTIM 1%",13,2679,52.9
G04BD07,ORAL,TOLTERODINE,"DETROL, DETROL LA, SANDOZ TOLTERODINE LA, TEVA-TOLTERODINE",13,2692,53.2
G04CA03,ORAL,TERAZOSIN,"APO-TERAZOSIN, PMS-TERAZOSIN, TERAZOSIN, TERAZOSIN-2",13,2705,53.4
L04AA06,ORAL,MYCOPHENOLIC ACID,"APO-MYCOPHENOLATE, APO-MYCOPHENOLIC ACID, SANDOZ MYCOPHENOLATE MOFETIL, TEVA-MYCOPHENOLATE, VAN-MYCOPHENOLATE",13,2718,53.7
N02AA01,ORAL,MORPHINE,"KADIAN, M-ESLON, MS.IR, STATEX SYRUP 1MG/ML, STATEX SYRUP 5MG/ML, STATEX TAB 5MG",13,2731,53.9
N03AA02,ORAL,PHENOBARBITAL,"PHENOBARB, PHENOBARB ELIXIR",13,2744,54.2
S01BC05,OPHTHALMIC,KETOROLAC,"ACULAR LIQ 0.5%, ACUVAIL, KETOROLAC",13,2757,54.5
A09AA02,ORAL,"MULTIENZYMES (LIPASE, PROTEASE ETC)","COTAZYM, COTAZYM ECS 20, COTAZYM ECS 8, CREON MINIMICROSPHERES 25, VIOKACE",12,2769,54.7
C09BA04,ORAL,PERINDOPRIL AND DIURETICS,"COVERSYL PLUS HD, COVERSYL PLUS LD, SANDOZ PERINDOPRIL ERBUMINE/ INDAPAMIDE, SANDOZ PERINDOPRIL ERBUMINE/ INDAPAMIDE HD, SANDOZ PERINDOPRIL ERBUMINE/ INDAPAMIDE LD",12,2781,54.9
D07AA02,TOPICAL,HYDROCORTISONE,"HYDROVAL CREAM 0.2%, HYDROVAL OINTMENT 0.2%, SANDOZ HYDROCORTISONE",12,2793,55.2
D07CB01,TOPICAL,TRIAMCINOLONE AND ANTIBIOTICS,"TEVA-TRIACOMB, VIADERM KC CRM, VIADERM KC ONT",12,2805,55.4
G03AA09,ORAL,DESOGESTREL AND ESTROGEN,"APRI 28, FREYA 21, FREYA 28, MARVELON 21, MARVELON 28, MIRVALA 21, MIRVALA 28",12,2817,55.6
L01BC06,ORAL,CAPECITABINE,"SANDOZ CAPECITABINE, TARO-CAPECITABINE, TEVA-CAPECITABINE",12,2829,55.9
N02AJ13,ORAL,TRAMADOL AND PARACETAMOL,"APO-TRAMADOL/ACET, AURO-TRAMADOL/ACETAMINOPHEN, MAR-TRAMADOL/ACET, MINT-TRAMADOL/ACET, PRIVA-TRAMADOL/ACET, TARO-TRAMADOL/ACET, TEVA-TRAMADOL/ACETAMINOPHEN, TRAMADOL / ACETAMINOPHEN",12,2841,56.1
N03AX18,ORAL,LACOSAMIDE,"AURO-LACOSAMIDE, PHARMA-LACOSAMIDE, SANDOZ LACOSAMIDE, TEVA-LACOSAMIDE",12,2853,56.3
N06DA04,ORAL,GALANTAMINE,"AURO-GALANTAMINE ER, GALANTAMINE ER, MYLAN-GALANTAMINE ER, PMS-GALANTAMINE ER",12,2865,56.6
A02BC01,ORAL,OMEPRAZOLE,"APO-OMEPRAZOLE, LOSEC 10 MG, MYLAN-OMEPRAZOLE, OMEP, PMS-OMEPRAZOLE, SANDOZ OMEPRAZOLE, TEVA-OMEPRAZOLE, VAN-OMEPRAZOLE",11,2876,56.8
A02BC04,ORAL,RABEPRAZOLE,"APO-RABEPRAZOLE, PMS-RABEPRAZOLE EC, PRO-RABEPRAZOLE, RAN-RABEPRAZOLE, SANDOZ RABEPRAZOLE",11,2887,57
B05XA01,INTRAVENOUS,POTASSIUM CHLORIDE,"POTASSIUM CHLORIDE FOR INJECTION CONCENTRATE USP, POTASSIUM CHLORIDE INJECTION",11,2898,57.2
C09AA06,ORAL,QUINAPRIL,"ACCUPRIL 5MG TAB, ACCUPRIL TAB 10MG, ACCUPRIL TAB 20MG, ACCUPRIL TAB 40MG, APO-QUINAPRIL",11,2909,57.5
C09BA06,ORAL,QUINAPRIL AND DIURETICS,"APO-QUINAPRIL/HCTZ, AURO-QUINAPRIL HCTZ",11,2920,57.7
D01BA02,ORAL,TERBINAFINE,"APO-TERBINAFINE, PMS-TERBINAFINE, TERBINAFINE",11,2931,57.9
D07AB08,TOPICAL,DESONIDE,PDP-DESONIDE,11,2942,58.1
J01FF01,ORAL,CLINDAMYCIN,"APO-CLINDAMYCIN, AURO-CLINDAMYCIN, CLINDAMYCINE-150, DALACIN C FLAVOURED GRANULES, MYLAN-CLINDAMYCIN",11,2953,58.3
J05AB01,ORAL,ACYCLOVIR,"APO-ACYCLOVIR, APO-ACYCLOVIR - TAB 200MG, APO-ACYCLOVIR - TAB 400MG, MYLAN-ACYCLOVIR, TEVA-ACYCLOVIR, ZOVIRAX",11,2964,58.5
J05AR02,ORAL,LAMIVUDINE AND ABACAVIR,"APO-ABACAVIR-LAMIVUDINE, AURO-ABACAVIR/LAMIVUDINE, KIVEXA, MYLAN-ABACAVIR/LAMIVUDINE, PMS-ABACAVIR-LAMIVUDINE",11,2975,58.8
M01AE01,ORAL,IBUPROFEN,"APO IBUPROFEN TAB 300MG, APO IBUPROFEN TAB 400MG, APO IBUPROFEN TAB 600MG, APO-IBUPROFEN TAB 200MG, EXTRA STRENGTH IBUPROFEN LIQUID GEL CAPSULES, IBUPROFEN, NOVO-PROFEN, TEVA-PROFEN",11,2986,59
S01ED01,OPHTHALMIC,TIMOLOL,"APO-TIMOP, SANDOZ TIMOLOL, TIMOLOL MALEATE-EX, TIMOPTIC",11,2997,59.2
B05ZA,DIALYSIS,"HEMODIALYTICS, CONCENTRATES","BICART SELECT COMBI-PAK, DIANEAL PD 101 CAPD SOLUTION W 0.5% DEXTROSE, DIANEAL PD 101 CAPD SOLUTION W 2.5% DEXTROSE, DIANEAL PD4 CAPD SOLUTION WITH 1.5% DEXTROSE AND 2.5MEQ/L CALCIUM, DIANEAL PD4 CAPD SOLUTION WITH 2.5% DEXTROSE AND 2.5MEQ/L CALCIUM, DIANEAL PD4 CAPD SOLUTION WITH 4.25% DEXTROSE AND 2.5MEQ/L CALCIUM, NUTRINEAL PD4, NXSTAGE PUREFLOW DIALYSATE CONCENTRATE (SAK 303), NXSTAGE PUREFLOW DIALYSATE CONCENTRATE (SAK 305)",10,3007,59.4
C09AA08,ORAL,CILAZAPRIL,"APO-CILAZAPRIL, INHIBACE, MYLAN-CILAZAPRIL",10,3017,59.6
C09AA10,ORAL,TRANDOLAPRIL,"AURO-TRANDOLAPRIL, MAVIK, SANDOZ TRANDOLAPRIL",10,3027,59.8
C09BA05,ORAL,RAMIPRIL AND DIURETICS,"ALTACE HCT, RAMIPRIL-HCTZ, TARO-RAMIPRIL HCTZ",10,3037,60
C09DA03,ORAL,VALSARTAN AND DIURETICS,"AURO-VALSARTAN HCT, SANDOZ VALSARTAN HCT, TEVA-VALSARTAN/HCTZ, VALSARTAN-HCTZ",10,3047,60.2
C09DB04,ORAL,TELMISARTAN AND AMLODIPINE,TWYNSTA,10,3057,60.4
C10AB05,ORAL,FENOFIBRATE,"AA-FENO-MICRO, APO-FENO-SUPER, LIPIDIL EZ, MINT-FENOFIBRATE E, PRO-FENO-SUPER - 100, SANDOZ FENOFIBRATE E, SANDOZ FENOFIBRATE S",10,3067,60.6
G04CB02,ORAL,DUTASTERIDE,"APO-DUTASTERIDE, AURO-DUTASTERIDE, DUTASTERIDE, MINT-DUTASTERIDE, PMS-DUTASTERIDE, SANDOZ DUTASTERIDE CAPSULE, TEVA-DUTASTERIDE",10,3077,60.8
H03AA05,ORAL,THYROID GLAND PREPARATIONS,"THYROID TAB 125MG, THYROID TAB 30MG, THYROID TAB 60MG",10,3087,61
J01FA10,ORAL,AZITHROMYCIN,"APO-AZITHROMYCIN Z, GD-AZITHROMYCIN, MAR-AZITHROMYCIN, MYLAN-AZITHROMYCIN, PMS-AZITHROMYCIN, SANDOZ AZITHROMYCIN, ZITHROMAX, ZITHROMAX - PWS ORL 100MG/5ML",10,3097,61.2
J01XA01,INTRAVENOUS,VANCOMYCIN,"VANCOMYCIN HYDROCHLORIDE FOR INJECTION USP, VANCOMYCIN HYDROCHLORIDE FOR INJECTION, USP",10,3107,61.4
L02BA01,ORAL,TAMOXIFEN,"APO-TAMOX TAB 10MG, APO-TAMOX TAB 20MG, NOLVADEX-D TAB 20MG, TEVA-TAMOXIFEN",10,3117,61.6
L02BG03,ORAL,ANASTROZOLE,"ACH-ANASTROZOLE, ANASTROZOLE, APO-ANASTROZOLE, MAR-ANASTROZOLE, PMS-ANASTROZOLE, TARO-ANASTROZOLE, VAN-ANASTROZOLE",10,3127,61.8
N01BB01,BLOCK/INFILTRATION,BUPIVACAINE,"BUPIVACAINE INJECTION BP, MARCAINE",10,3137,62
N02AX02,ORAL,TRAMADOL,"AURO-TRAMADOL, RALIVIA, TARO-TRAMADOL ER, APO-TRAMADOL",10,3147,62.2
N05CF01,ORAL,ZOPICLONE,"APO-ZOPICLONE, IMOVANE, MYLAN-ZOPICLONE, PRIVA-ZOPICLONE, RAN-ZOPICLONE, SANDOZ ZOPICLONE, ZOPICLONE",10,3157,62.4
N06AX05,ORAL,TRAZODONE,"APO-TRAZODONE D TABLETS 150MG, PMS TRAZODONE HCL TAB 100MG, PMS-TRAZODONE, TEVA-TRAZODONE, TRAZODONE-100, TRAZODONE-150 D, TRAZODONE-50",10,3167,62.6
N06AX23,ORAL,DESVENLAFAXINE,APO-DESVENLAFAXINE,10,3177,62.7
R03BA07,INHALATION,MOMETASONE,ASMANEX TWISTHALER,10,3187,62.9
S01EA05,OPHTHALMIC,BRIMONIDINE,"ALPHAGAN, ALPHAGAN P, APO-BRIMONIDINE, BRIMONIDINE P, SANDOZ BRIMONIDINE",10,3197,63.1
S01GX09,OPHTHALMIC,OLOPATADINE,"ACT OLOPATADINE 0.1%, ACT OLOPATADINE 0.2%, APO-OLOPATADINE, JAMP-OLOPATADINE, PATADAY, PATANOL, SANDOZ OLOPATADINE",10,3207,63.3
V03AC03,ORAL,DEFERASIROX,"APO-DEFERASIROX, SANDOZ DEFERASIROX, TARO-DEFERASIROX, TEVA-DEFERASIROX",10,3217,63.5
V07AB,INTRAMUSCULAR,"SOLVENTS AND DILUTING AGENTS,INCL IRRIGAT SOLUT","BACTERIOSTATIC WATER FOR INJECTION USP, SODIUM CHLORIDE INJECTION USP 0.9%, STERILE WATER FOR INJECTION USP, STERILE WATER INJ",10,3227,63.7
A03FA03,ORAL,DOMPERIDONE,"APO-DOMPERIDONE - TAB 10MG, BIO-DOMPERIDONE, MAR-DOMPERIDONE, PMS-DOMPERIDONE, RAN-DOMPERIDONE",9,3236,63.9
A06AD11,ORAL,LACTULOSE,"PHARMA-LACTULOSE, PMS-LACTULOSE SYR 667MG/ML",9,3245,64.1
C03AA03,ORAL,HYDROCHLOROTHIAZIDE,"APO HYDRO TAB 50MG, APO-HYDRO, HYDROCHLOROTHIAZIDE TAB 25MG, PMS-HYDROCHLOROTHIAZIDE",9,3254,64.3
C09AA04,ORAL,PERINDOPRIL,"APO-PERINDOPRIL, MINT-PERINDOPRIL, PMS-PERINDOPRIL, SANDOZ PERINDOPRIL ERBUMINE",9,3263,64.4
J01DB04,INTRAMUSCULAR,CEFAZOLIN,"CEFAZOLIN FOR INJECTION, CEFAZOLIN FOR INJECTION USP, CEFAZOLIN FOR INJECTION, USP",9,3272,64.6
J01FA09,ORAL,CLARITHROMYCIN,"BIAXIN BID, CLARITHROMYCIN, PMS-CLARITHROMYCIN, RAN-CLARITHROMYCIN, TARO-CLARITHROMYCIN",9,3281,64.8
L01CB01,INTRAVENOUS,ETOPOSIDE,"ETOPOSIDE INJECTION, ETOPOSIDE INJECTION USP",9,3290,65
L03AB05,SUBCUTANEOUS,INTERFERON ALFA-2B,INTRON A,9,3299,65.2
M05BB03,ORAL,ALENDRONIC ACID AND CHOLECALCIFEROL,"APO-ALENDRONATE/VITAMIN D3, FOSAVANCE",9,3308,65.3
N05BA06,ORAL,LORAZEPAM,"APO-LORAZEPAM TAB 1MG, PMS-LORAZEPAM TAB 0.5MG, PMS-LORAZEPAM TAB 1MG, PRO-LORAZEPAM, PRO-LORAZEPAM TAB 1.0MG, TEVA-LORAZEPAM",9,3317,65.5
S01BA04,OPHTHALMIC,PREDNISOLONE,"MINIMS PREDNISOLONE SODIUM PHOSPHATE 0.5%, PRED FORTE, SANDOZ PREDNISOLONE, TEVA-PREDNISOLONE",9,3326,65.7
A10BB12,ORAL,GLIMEPIRIDE,"AMARYL, APO-GLIMEPIRIDE, SANDOZ GLIMEPIRIDE",8,3334,65.9
C01CA24,INTRAMUSCULAR,EPINEPHRINE,"ADRENALIN CHLORIDE SOL 1:1000 AMP, EPIPEN, EPIPEN JR",8,3342,66
C02DB02,ORAL,HYDRALAZINE,"APO-HYDRALAZINE, JAMP-HYDRALAZINE, MINT-HYDRALAZINE",8,3350,66.2
C09AA03,ORAL,LISINOPRIL,"AURO-LISINOPRIL, PRINIVIL, RAN-LISINOPRIL, TEVA-LISINOPRIL (TYPE P)",8,3358,66.3
D06AX30,TOPICAL,COMBINATIONS OF ANTIBIOTICS,"POLYDERM OINTMENT USP, POLYTOPIC CREAM, TRIPLE ANTIBIOTIC OINTMENT",8,3366,66.5
G03AA05,ORAL,NORETHISTERONE AND ESTROGEN,"BREVICON 0.5/35 TABLETS (21-DAY PACK), BREVICON 0.5/35 TABLETS (28-DAY PACK), BREVICON 1/35 TABLETS (21-DAY PACK), BREVICON 1/35 TABLETS (28-DAY PACK), LOESTRIN 1.5/30, MINESTRIN 1/20",8,3374,66.6
G04BE09,ORAL,VARDENAFIL,"LEVITRA, MYLAN-VARDENAFIL, STAXYN",8,3382,66.8
G04CB01,ORAL,FINASTERIDE,"APO-FINASTERIDE, PMS-FINASTERIDE, SANDOZ FINASTERIDE, VAN-FINASTERIDE",8,3390,67
H05BX01,ORAL,CINACALCET,"APO-CINACALCET, MYLAN-CINACALCET",8,3398,67.1
J01CR05,INTRAVENOUS,PIPERACILLIN AND BETA-LACTAMASE INHIBITOR,"PIPERACILLIN AND TAZOBACTAM FOR INJECTION, PIPERACILLIN SODIUM/TAZOBACTAM SODIUM POWDER FOR INJECTION",8,3406,67.3
J01EE01,ORAL,SULFAMETHOXAZOLE AND TRIMETHOPRIM,"SULFATRIM DS, SULFATRIM",8,3414,67.4
J05AR03,ORAL,TENOFOVIR DISOPROXIL AND EMTRICITABINE,"APO-EMTRICITABINE-TENOFOVIR, MYLAN-EMTRICITABINE/TENOFOVIR DISOPROXIL",8,3422,67.6
N01BB09,EPIDURAL,ROPIVACAINE,"NAROPIN, ROPIVACAINE HYDROCHLORIDE INJECTION USP, ROPIVACAINE HYDROCHLORIDE INJECTION, USP",8,3430,67.7
N02AA03,ORAL,HYDROMORPHONE,"APO-HYDROMORPHONE CR, PMS HYDROMORPHONE SIROP 1MG/ML, PMS-HYDROMORPHONE TAB 1MG",8,3438,67.9
N02AB03,TRANSDERMAL,FENTANYL,"MYLAN-FENTANYL MATRIX PATCH, PMS-FENTANYL MTX, RAN-FENTANYL MATRIX PATCH, TEVA-FENTANYL",8,3446,68.1
N03AE01,ORAL,CLONAZEPAM,"PMS-CLONAZEPAM TAB 1.0MG, PMS-CLONAZEPAM TAB 2MG, PMS-CLONAZEPAM- TAB 0.25MG, PMS-CLONAZEPAM-R, RIVOTRIL 0.5TAB",8,3454,68.2
N05CM18,INTRAVENOUS,DEXMEDETOMIDINE,"DEXMEDETOMIDINE HYDROCHLORIDE FOR INJECTION, PRECEDEX",8,3462,68.4
S01ED51,OPHTHALMIC,"TIMOLOL, COMBINATIONS","ACT LATANOPROST/TIMOLOL, APO-DORZO-TIMOP, AZARGA, DUOTRAV PQ, GD-LATANOPROST/TIMOLOL, MED-DORZOLAMIDE-TIMOLOL, SANDOZ DORZOLAMIDE/TIMOLOL, SANDOZ LATANOPROST/TIMOLOL",8,3470,68.5
B01AB51,INTRAVENOUS,"HEPARIN, COMBINATIONS","HEPARIN SOD AND 0.9% SOD CHLORIDE INJ, HEPARIN SODIUM 20000UNITS IN 5% DEXTROSE INJ, HEPARIN SODIUM 25000UNITS IN 5% DEXTROSE INJ, HEPARIN SODIUM IN 0.9% SODIUM CHLORIDE INJECTION, HEPARIN SODIUM IN 5% DEXTROSE INJECTION, 25000UNIT/500ML",7,3477,68.7
B05XA02,INTRAVENOUS,SODIUM BICARBONATE,SODIUM BICARBONATE INJECTION USP,7,3484,68.8
C01BB01,INTRAVENOUS,LIDOCAINE,"LIDOCAINE HYDROCHLORIDE INJECTION USP, 0.4% LIDOCAINE HYDROCHLORIDE AND 5% DEXTROSE INJECTION, XYLOCARD",7,3491,69
C01CA24,INTRACARDIAC,EPINEPHRINE,"EPINEPHRINE INJECTION USP, EPINEPHRINE INJECTION",7,3498,69.1
C05AA01,RECTAL,HYDROCORTISONE,"PROCTODAN-HC SUPPOSITORIES, PROCTOSEDYL, SANDOZ PROCTOMYXIN HC, TEVA-PROCTOSONE",7,3505,69.2
C07AG01,INTRAVENOUS,LABETALOL,"LABETALOL HYDROCHLORIDE INJECTION USP, LABETALOL HYDROCHLORIDE INJECTION, USP",7,3512,69.4
C10BX03,ORAL,ATORVASTATIN AND AMLODIPINE,"APO-AMLODIPINE-ATORVASTATIN, CADUET",7,3519,69.5
D06BB10,TOPICAL,IMIQUIMOD,"ALDARA P, TARO-IMIQUIMOD PUMP, VYLOMA, ZYCLARA",7,3526,69.6
G03AB11,ORAL,NORGESTIMATE AND ESTROGEN,TRICIRA LO,7,3533,69.8
G03DA02,ORAL,MEDROXYPROGESTERONE,"APO-MEDROXY TABLETS, PROVERA 2.5MG TABLETS, TEVA-MEDROXYPROGESTERONE",7,3540,69.9
J01AA08,ORAL,MINOCYCLINE,"MINOCYCLINE, MINOCYCLINE-100, MINOCYCLINE-50, MYLAN-MINOCYCLINE",7,3547,70.1
J01CA04,ORAL,AMOXICILLIN,"APO-AMOXI, AURO-AMOXICILLIN, MYLAN-AMOXICILLIN, NOVAMOXIN",7,3554,70.2
J01DC10,ORAL,CEFPROZIL,"APO-CEFPROZIL, TARO-CEFPROZIL, SANDOZ CEFPROZIL",7,3561,70.3
N03AB02,ORAL,PHENYTOIN,"APO-PHENYTOIN SODIUM, TARO-PHENYTOIN",7,3568,70.5
N05AE04,ORAL,ZIPRASIDONE,"AURO-ZIPRASIDONE, ZELDOX",7,3575,70.6
N05BA01,RECTAL,DIAZEPAM,DIASTAT,7,3582,70.7
N05BB01,ORAL,HYDROXYZINE,"HYDROXYZINE, ATARAX SYRUP 2MG/ML, PMS HYDROXYZINE SYR 10MG/5ML",7,3589,70.9
N07BC51,SUBLINGUAL,"BUPRENORPHINE, COMBINATIONS","ACT BUPRENORPHINE/NALOXONE, MYLAN-BUPRENORPHINE/NALOXONE, PMS-BUPRENORPHINE-NALOXONE, SUBOXONE",7,3596,71
S01AA12,OPHTHALMIC,TOBRAMYCIN,TOBREX,7,3603,71.2
S01AE07,OPHTHALMIC,MOXIFLOXACIN,"APO-MOXIFLOXACIN, PMS-MOXIFLOXACIN, SANDOZ MOXIFLOXACIN, VIGAMOX",7,3610,71.3
A03BA01,INTRAMUSCULAR,ATROPINE,"ATROPINE INJECTION BP, ATROPINE SULFATE INJECTION USP",6,3616,71.4
A07BA01,ORAL,MEDICINAL CHARCOAL,"CHARAC-25, CHARAC-50, CHARACTOL-50",6,3622,71.5
A10BB09,ORAL,GLICLAZIDE,"APO-GLICLAZIDE, APO-GLICLAZIDE MR, DIAMICRON MR, MYLAN-GLICLAZIDE MR, TARO-GLICLAZIDE MR, TEVA-GLICLAZIDE",6,3628,71.7
B01AE07,ORAL,DABIGATRAN ETEXILATE,"APO-DABIGATRAN, PRADAXA",6,3634,71.8
C03CA01,ORAL,FUROSEMIDE,"APO FUROSEMIDE TAB 20MG, APO FUROSEMIDE TAB 40MG, APO FUROSEMIDE TAB 80MG, FUROSEMIDE 40MG, TEVA-FUROSEMIDE",6,3640,71.9
C07AB12,ORAL,NEBIVOLOL,BYSTOLIC,6,3646,72
C10AA02,ORAL,LOVASTATIN,"ACT LOVASTATIN, APO-LOVASTATIN - TAB 40MG, LOVASTATIN, PRO-LOVASTATIN",6,3652,72.1
D10AF01,TOPICAL,CLINDAMYCIN,"DALACIN T 1%, TARO-CLINDAMYCIN",6,3658,72.2
G02CB03,ORAL,CABERGOLINE,"APO-CABERGOLINE, DOSTINEX",6,3664,72.4
G04CA02,ORAL,TAMSULOSIN,"APO-TAMSULOSIN CR, TAMSULOSIN CR",6,3670,72.5
J01DB01,ORAL,CEFALEXIN,"AURO-CEPHALEXIN, TEVA-CEPHALEXIN, TEVA-CEPHALEXIN 250",6,3676,72.6
J07BC20,INTRAMUSCULAR,COMBINATIONS,"TWINRIX, TWINRIX JUNIOR",6,3682,72.7
L01BC01,INTRATHECAL,CYTARABINE,PMS-CYTARABINE,6,3688,72.8
L01XA03,INTRAVENOUS,OXALIPLATIN,"OXALIPLATIN, OXALIPLATIN INJECTION",6,3694,73
L01XE01,ORAL,IMATINIB,"APO-IMATINIB, PMS-IMATINIB, TEVA-IMATINIB",6,3700,73.1
L02BG04,ORAL,LETROZOLE,"APO-LETROZOLE, BIO-LETROZOLE, MAR-LETROZOLE, PMS-LETROZOLE, VAN-LETROZOLE",6,3706,73.2
L04AA13,ORAL,LEFLUNOMIDE,"APO-LEFLUNOMIDE, LEFLUNOMIDE, TEVA-LEFLUNOMIDE",6,3712,73.3
M03AB01,INTRAVENOUS,SUXAMETHONIUM,"QUELICIN, SUCCINYLCHOLINE CHLORIDE INJECTION",6,3718,73.4
M03BX01,ORAL,BACLOFEN,"APO-BACLOFEN, BACLOFEN",6,3724,73.6
N01BB03,INTRACAUDAL,MEPIVACAINE,"CARBOCAINE 1%, CARBOCAINE 2%",6,3730,73.7
N02AJ06,ORAL,CODEINE AND PARACETAMOL,"ACETAMINOPHEN, CAFFEINE & CODEINE, TEVA-LENOLTEC NO. 1, TEVA-LENOLTEC NO. 3, TEVA-LENOLTEC NO. 4, TRIATEC-8",6,3736,73.8
N02BE01,ORAL,ACETAMINOPHEN (PARACETAMOL),"ACETAMINOPHEN CAPLETS 325 MG, ACETAMINOPHEN CAPLETS 500 MG, APO-ACETAMINOPHEN, APO-ACETAMINOPHEN CAPLETS 500MG, NOVO-GESIC",6,3742,73.9
N02CC05,ORAL,ALMOTRIPTAN,"ALMOTRIPTAN, MYLAN-ALMOTRIPTAN, SANDOZ ALMOTRIPTAN",6,3748,74
N05AN01,ORAL,LITHIUM,"APO-LITHIUM CARBONATE, CARBOLITH, PMS-LITHIUM CARBONATE - CAP 300MG, PMS-LITHIUM CARBONATE - CAP 600MG",6,3754,74.1
N06AA09,ORAL,AMITRIPTYLINE,"ELAVIL, MAR-AMITRIPTYLINE, PMS-AMITRIPTYLINE, TEVA-AMITRIPTYLINE",6,3760,74.3
N06AB08,ORAL,FLUVOXAMINE,"ACT FLUVOXAMINE, FLUVOXAMINE-50, LUVOX, RIVA-FLUVOX",6,3766,74.4
N06DA03,ORAL,RIVASTIGMINE,"APO-RIVASTIGMINE, SANDOZ RIVASTIGMINE",6,3772,74.5
N07BA03,ORAL,VARENICLINE,"APO-VARENICLINE, TEVA-VARENICLINE",6,3778,74.6
N07CA01,ORAL,BETAHISTINE,"AURO-BETAHISTINE, BETAHISTINE, PMS-BETAHISTINE",6,3784,74.7
R03AC02,INHALATION,SALBUTAMOL,"AIROMIR, APO-SALBUTAMOL HFA, PMS-SALBUTAMOL, VENTOLIN DISKUS, VENTOLIN RESPIRATOR SOLUTION",6,3790,74.9
S01AA17,OPHTHALMIC,ERYTHROMYCIN,"ODAN-ERYTHROMYCIN, ONGUENT OPHTALMIQUE D'ERYTHROMYCINE USP, PDP-ERYTHROMYCIN",6,3796,75
S01BA14,OPHTHALMIC,LOTEPREDNOL,"ALREX, LOTEMAX, LOTEMAX GEL, LOTEMAX OINTMENT",6,3802,75.1
A05AA02,ORAL,URSODEOXYCHOLIC ACID,"PMS-URSODIOL C, URSO DS",5,3807,75.2
A06AX04,ORAL,LINACLOTIDE,CONSTELLA,5,3812,75.3
A07DA03,ORAL,LOPERAMIDE,"LOPERAMIDE-2, PMS-LOPERAMIDE - CAPLET 2MG, TEVA-LOPERAMIDE",5,3817,75.4
B05XA07,INTRAVENOUS,CALCIUM CHLORIDE,"CALCIJECT INJ 100MG/ML, CALCIUM CHLORIDE INJECTION USP",5,3822,75.5
C01BC03,ORAL,PROPAFENONE,"MYLAN-PROPAFENONE, PROPAFENONE, RYTHMOL",5,3827,75.6
C02CA01,ORAL,PRAZOSIN,"APO-PRAZO TAB 1MG, APO-PRAZO TAB 5MG, TEVA-PRAZOSIN",5,3832,75.7
C03BA11,ORAL,INDAPAMIDE,"APO-INDAPAMIDE 1.25 MG TABLETS, LOZIDE, MYLAN-INDAPAMIDE",5,3837,75.8
C07AA05,ORAL,PROPRANOLOL,"INDERAL-LA, TEVA-PROPRANOLOL",5,3842,75.9
C07AA07,ORAL,SOTALOL,"APO-SOTALOL 80MG TABLETS, PMS-SOTALOL - 160 MG, PMS-SOTALOL - 80 MG, PRO-SOTALOL",5,3847,76
C09BA03,ORAL,LISINOPRIL AND DIURETICS,SANDOZ LISINOPRIL HCT,5,3852,76.1
C10AC01,ORAL,COLESTYRAMINE,"CHOLESTYRAMINE-ODAN, OLESTYR",5,3857,76.2
D01AA01,TOPICAL,NYSTATIN,"NYADERM CRM 100000UNIT/GM, RATIO-NYSTATIN",5,3862,76.3
D01AE14,TOPICAL,CICLOPIROX,"APO-CICLOPIROX, LOPROX CREAM, STIEPROX SHAMPOO, TARO-CICLOPIROX",5,3867,76.4
D05AX05,TOPICAL,TAZAROTENE,TAZORAC,5,3872,76.5
D06AX09,TOPICAL,MUPIROCIN,TARO-MUPIROCIN,5,3877,76.6
D10AD01,TOPICAL,TRETINOIN,"RETIN-A, RETIN-A MICRO, STIEVA-A CREAM, VITAMIN A ACID 0.01% GEL",5,3882,76.7
D11AX10,ORAL,FINASTERIDE,"FINASTERIDE, PROPECIA, SANDOZ FINASTERIDE A",5,3887,76.8
G01AF02,VAGINAL,CLOTRIMAZOLE,"CLOTRIMADERM VAGINAL 6, CLOTRIMADERM VAGINAL 3",5,3892,76.9
G02BB01,VAGINAL,VAGINAL RING WITH PROGESTOGEN AND ESTROGEN,NUVARING,5,3897,77
G03GA01,INTRAMUSCULAR,CHORIONIC GONADOTROPHIN,PREGNYL,5,3902,77.1
G04BE01,URETHRAL,ALPROSTADIL,MUSE,5,3907,77.2
H02AB04,INTRAMUSCULAR,METHYLPREDNISOLONE,SOLU-MEDROL,5,3912,77.3
H03AA01,ORAL,LEVOTHYROXINE SODIUM,"ELTROXIN, SYNTHROID",5,3917,77.4
J01DD04,INTRAMUSCULAR,CEFTRIAXONE,"CEFTRIAXONE SODIUM FOR INJECTION, CEFTRIAXONE SODIUM FOR INJECTION BP",5,3922,77.5
J01MA14,ORAL,MOXIFLOXACIN,"APO-MOXIFLOXACIN, BIO-MOXIFLOXACIN, MAR-MOXIFLOXACIN, MOXIFLOXACIN, PRIVA-MOXIFLOXACIN",5,3927,77.6
J02AC01,ORAL,FLUCONAZOLE,"APO-FLUCONAZOLE, APO-FLUCONAZOLE-150, MYLAN-FLUCONAZOLE, PMS-FLUCONAZOLE",5,3932,77.7
J02AC03,ORAL,VORICONAZOLE,"APO-VORICONAZOLE, SANDOZ VORICONAZOLE, TEVA-VORICONAZOLE, VFEND",5,3937,77.8
J07AH09,INTRAMUSCULAR,"Meningococcus B, multicomponent vaccine",BEXSERO,5,3942,77.9
L01DB01,INTRAVENOUS,DOXORUBICIN,"DOXORUBICIN, DOXORUBICIN HYDROCHLORIDE INJECTION",5,3947,78
L01XE03,ORAL,ERLOTINIB,"APO-ERLOTINIB, PMS-ERLOTINIB",5,3952,78.1
L01XX05,ORAL,HYDROXYCARBAMIDE,"APO-HYDROXYUREA, HYDREA CAP 500MG, MYLAN-HYDROXYUREA",5,3957,78.2
M05BA08,INTRAVENOUS,ZOLEDRONIC ACID,"TARO-ZOLEDRONIC ACID, TARO-ZOLEDRONIC ACID CONCENTRATE, ZOLEDRONIC ACID - Z, ZOLEDRONIC ACID FOR INJECTION CONCENTRATE",5,3962,78.3
N01AX10,INTRAVENOUS,PROPOFOL,"DIPRIVAN 1%, PROPOFOL INJECTION, PROPOFOL",5,3967,78.4
N01BB52,BLOCK/INFILTRATION,"LIDOCAINE, COMBINATIONS","LIDOCAINE HYDROCHLORIDE AND EPINEPHRINE INJECTION USP, XYLOCAINE 2% WITH EPINEPHRINE 1:200000",5,3972,78.5
N02AJ17,ORAL,OXYCODONE AND PARACETAMOL,"OXYCODONE/ACET, SANDOZ OXYCODONE/ACETAMINOPHEN, TEVA-OXYCOCET",5,3977,78.6
N03AF02,ORAL,OXCARBAZEPINE,"JAMP-OXCARBAZEPINE, TRILEPTAL 300 MG",5,3982,78.6
N05BA04,ORAL,OXAZEPAM,"APO OXAZEPAM TAB 10MG, APO OXAZEPAM TAB 15MG, APO OXAZEPAM TAB 30MG, OXAZEPAM 10 TAB 10MG",5,3987,78.7
R01AD09,NASAL,MOMETASONE,"APO-MOMETASONE, MOSASPRAY, NASONEX, SANDOZ MOMETASONE",5,3992,78.8
R03BA01,INHALATION,BECLOMETASONE,QVAR,5,3997,78.9
R03BA08,INHALATION,CICLESONIDE,ALVESCO,5,4002,79
R03BB01,INHALATION,IPRATROPIUM BROMIDE,"APO-IPRAVENT SOLUTION - INH 250MCG/ML, MYLAN-IPRATROPIUM SOLUTION, PMS-IPRATROPIUM",5,4007,79.1
S01BC10,OPHTHALMIC,NEPAFENAC,"ILEVRO, NEVANAC",5,4012,79.2
S01CA02,OPHTHALMIC,PREDNISOLONE AND ANTIINFECTIVES,"BLEPHAMIDE S.O.P., BLEPHAMIDE",5,4017,79.3
S01EE01,OPHTHALMIC,LATANOPROST,"MED-LATANOPROST, RIVA-LATANOPROST, SANDOZ LATANOPROST, TEVA-LATANOPROST",5,4022,79.4
S01EE04,OPHTHALMIC,TRAVOPROST,"APO-TRAVOPROST Z, SANDOZ TRAVOPROST, TRAVATAN Z",5,4027,79.5
NA,NA,"NA","NA",5,4032,79.6
A02BA03,ORAL,FAMOTIDINE,"MYLAN-FAMOTIDINE, TEVA-FAMOTIDINE",4,4036,79.7
A04AA01,INTRAVENOUS,ONDANSETRON,"ONDANSETRON HYDROCHLORIDE DIHYDRATE INJECTION, ONDANSETRON INJECTION, USP, ZOFRAN",4,4040,79.8
A07AA02,ORAL,NYSTATIN,"JAMP-NYSTATIN ORAL SUSPENSION USP, PMS-NYSTATIN SUSPENSION 100000 UNIT/ML",4,4044,79.9
A07EA02,RECTAL,HYDROCORTISONE,"CORTENEMA, CORTIFOAM",4,4048,80
A11DA01,INTRAMUSCULAR,THIAMINE (VIT B1),THIAMIJECT INJECTION  - LIQ IM IV 100MG/ML,4,4052,80
B01AC16,INTRAVENOUS,EPTIFIBATIDE,INTEGRILIN,4,4056,80.1
B01AC30,ORAL,COMBINATIONS,TARO-DIPYRIDAMOLE/ ASA,4,4060,80.2
B02AA02,ORAL,TRANEXAMIC ACID,"GD-TRANEXAMIC ACID, TRANEXAMIC ACID TABLETS",4,4064,80.3
B05BB01,INTRAVENOUS,ELECTROLYTES,"LACTATED RINGER'S INJECTION, USP, PLASMA-LYTE A INJECTION, POTASSIUM CHLORIDE 20 MEQ IN 0.9% SODIUM CHLORIDE",4,4068,80.3
B05XA08,INTRAVENOUS,SODIUM ACETATE,SODIUM ACETATE-OMEGA,4,4072,80.4
C01AA05,ORAL,DIGOXIN,TOLOXIN,4,4076,80.5
C01BD01,ORAL,AMIODARONE,"APO-AMIODARONE TABLETS, PMS-AMIODARONE, PRO-AMIODARONE - 200, SANDOZ AMIODARONE",4,4080,80.6
C02KX,ORAL,ANTIHYPERTENSIVES FOR PULMONARY ARTERIAL HYPERTENSION,PMS-SILDENAFIL R,4,4084,80.7
C07AB07,ORAL,BISOPROLOL,"APO-BISOPROLOL, SANDOZ BISOPROLOL, TEVA-BISOPROLOL",4,4088,80.7
C08CA02,ORAL,FELODIPINE,"APO-FELODIPINE, PLENDIL 10 MG, PLENDIL 2.5 MG",4,4092,80.8
C09AA01,ORAL,CAPTOPRIL,"APO-CAPTO TAB 25MG, TEVA-CAPTOPRIL",4,4096,80.9
C09BA02,ORAL,ENALAPRIL AND DIURETICS,"ENALAPRIL MALEATE/HCTZ, VASERETIC",4,4100,81
D01AC01,TOPICAL,CLOTRIMAZOLE,CLOTRIMADERM CREAM 1%,4,4104,81.1
D01AC20,TOPICAL,IMIDAZOLES/TRIAZOLES IN COMBINATION WITH CORTICOSTEROIDS,LOTRIDERM CREAM,4,4108,81.1
D07AC03,TOPICAL,DESOXIMETASONE,"TOPICORT, TOPICORT GEL, TOPICORT MILD, TOPICORT OINTMENT",4,4112,81.2
D08AC52,TOPICAL,"CHLORHEXIDINE, COMBINATIONS","BAXEDIN 2% - 70%, STANHEXIDINE 2% WITH ISOPROPYL ALCOHOL 4%, STANHEXIDINE 4% WITH ISOPROPYL ALCOHOL 4%",4,4116,81.3
D11AH01,TOPICAL,TACROLIMUS,PROTOPIC,4,4120,81.4
G03AA01,ORAL,ETYNODIOL AND ESTROGEN,"DEMULEN 30 (21 DAY PACK), DEMULEN 30 (28 DAY PACK)",4,4124,81.5
G03XA01,ORAL,DANAZOL,CYCLOMEN,4,4128,81.5
H01AC01,SUBCUTANEOUS,SOMATROPIN,"GENOTROPIN, SAIZEN",4,4132,81.6
H01BB02,INTRAMUSCULAR,OXYTOCIN,"OXYTOCIN INJECTION, OXYTOCIN INJECTION USP",4,4136,81.7
H02AB02,ORAL,DEXAMETHASONE,"APO-DEXAMETHASONE, PMS DEXAMETHASONE TAB 0.75MG USP, PRO-DEXAMETHASONE - 4",4,4140,81.8
H02AB09,INTRAMUSCULAR,HYDROCORTISONE,"SOLU-CORTEF 1 GM ACT-O-VIAL, SOLU-CORTEF 100 MG ACT-O-VIAL, SOLU-CORTEF 250 MG ACT-O-VIAL",4,4144,81.8
J01AA02,ORAL,DOXYCYCLINE,"APO-DOXY CAP 100MG, APPRILON, TEVA-DOXYCYCLINE",4,4148,81.9
J01CA01,INTRAMUSCULAR,AMPICILLIN,"AMPICILLIN SODIUM FOR INJECTION BP, AMPICILLIN SODIUM FOR INJECTION, USP",4,4152,82
J01CR02,ORAL,AMOXICILLIN AND BETA-LACTAMASE INHIBITOR,"AMOXI-CLAV, APO-AMOXI CLAV, CLAVULIN 250 F ORAL SUS",4,4156,82.1
J01DB04,INTRAVENOUS,CEFAZOLIN,"CEFAZOLIN FOR INJECTION, CEFAZOLIN FOR INJECTION, USP",4,4160,82.2
J01DC01,INTRAMUSCULAR,CEFOXITIN,CEFOXITIN FOR INJECTION,4,4164,82.2
J01DC02,ORAL,CEFUROXIME,"APO-CEFUROXIME, CEFTIN - TAB 250MG, CEFTIN - TAB 500MG",4,4168,82.3
J01XD01,INTRAVENOUS,METRONIDAZOLE,"METRONIDAZOLE INJECTION, USP, METRONIDAZOLE INJECTION USP",4,4172,82.4
J04AB02,ORAL,RIFAMPICIN,"RIFADIN, ROFACT",4,4176,82.5
J07BC01,INTRAMUSCULAR,"HEPATITIS B, PURIFIED ANTIGEN","ENGERIX-B, RECOMBIVAX HB",4,4180,82.6
J07BG01,INTRAMUSCULAR,"RABIES, INACTIVATED, WHOLE VIRUS","IMOVAX RABIES RABIES VACCINE INACTIVATED (DCO), RABAVERT",4,4184,82.6
L01BA01,INTRA-ARTERIAL,METHOTREXATE,METHOTREXATE INJECTION USP,4,4188,82.7
L01BA01,INTRACEREBROVENTRICULAR,METHOTREXATE,"METHOTREXATE INJECTION BP, METHOTREXATE SODIUM INJECTION",4,4192,82.8
L01BA04,INTRAVENOUS,PEMETREXED,"PEMETREXED DISODIUM FOR INJECTION, TARO-PEMETREXED",4,4196,82.9
L01BB05,INTRAVENOUS,FLUDARABINE,FLUDARABINE PHOSPHATE FOR INJECTION,4,4200,83
L01CD02,INTRAVENOUS,DOCETAXEL,"DOCETAXEL INJECTION, DOCETAXEL INJECTION USP",4,4204,83
L01XX02,INTRAMUSCULAR,ASPARAGINASE,"ERWINASE, KIDROLASE",4,4208,83.1
L02AE02,INTRAMUSCULAR,LEUPRORELIN,LUPRON DEPOT,4,4212,83.2
L02BB03,ORAL,BICALUTAMIDE,"CASODEX, TEVA-BICALUTAMIDE, VAN-BICALUTAMIDE",4,4216,83.3
M01AB15,INTRAMUSCULAR,KETOROLAC,"KETOROLAC TROMETHAMINE INJECTION USP, KETOROLAC TROMETHAMINE INJECTION, USP",4,4220,83.3
M01AC06,ORAL,MELOXICAM,"APO-MELOXICAM, MYLAN-MELOXICAM, PMS-MELOXICAM",4,4224,83.4
N01BB09,BLOCK/INFILTRATION,ROPIVACAINE,"NAROPIN, ROPIVACAINE HYDROCHLORIDE INJECTION USP, ROPIVACAINE HYDROCHLORIDE INJECTION, USP",4,4228,83.5
N05CF02,SUBLINGUAL,ZOLPIDEM,"PMS-ZOLPIDEM ODT, SUBLINOX",4,4232,83.6
N06AX24,ORAL,Vilazodone,VIIBRYD,4,4236,83.7
N06DA03,TRANSDERMAL,RIVASTIGMINE,"MYLAN-RIVASTIGMINE PATCH 10, MYLAN-RIVASTIGMINE PATCH 5",4,4240,83.7
N06DX01,ORAL,MEMANTINE,"MEMANTINE, SANDOZ MEMANTINE FCT",4,4244,83.8
N07BC02,ORAL,METHADONE,"METADOL, METADOL-D",4,4248,83.9
R03BB01,NASAL,IPRATROPIUM BROMIDE,PMS-IPRATROPIUM,4,4252,84
R03DA05,INTRAVENOUS,AMINOPHYLLINE,AMINOPHYLLINE INJ 25MG/ML,4,4256,84.1
R05CB01,INHALATION,ACETYLCYSTEINE,"ACETYLCYSTEINE SOLUTION, ACETYLCYSTEINE SOLUTION USP",4,4260,84.1
R05FA02,ORAL,OPIUM DERIVATIVES AND EXPECTORANTS,"CALMYLIN ACE, CALMYLIN PSE WITH CODEINE, DIMETANE EXPECTORANT DC, ROBITUSSIN AC",4,4264,84.2
S01BC03,OPHTHALMIC,DICLOFENAC,"APO-DICLOFENAC OPHTHALMIC, VOLTAREN OPHTHA",4,4268,84.3
S01FA04,OPHTHALMIC,CYCLOPENTOLATE,"CYCLOGYL, MINIMS CYCLOPENTOLATE HYDROCHLORIDE 1%",4,4272,84.4
S01FB01,OPHTHALMIC,PHENYLEPHRINE,"MINIMS PHENYLEPHRINE HYDROCHLORIDE 10%, MINIMS PHENYLEPHRINE HYDROCHLORIDE 2.5%",4,4276,84.5
V03AB15,INTRAMUSCULAR,NALOXONE,"NALOXONE HCL INJECTION - 0.4MG/ML USP, NALOXONE HCL INJECTION - 1MG/ML USP, NALOXONE HYDROCHLORIDE INJECTION USP, S.O.S. NALOXONE HYDROCHLORIDE INJECTION",4,4280,84.5
A01AB03,BUCCAL,CHLORHEXIDINE,PERICHLOR,3,4283,84.6
A02BA03,INTRAVENOUS,FAMOTIDINE,"FAMOTIDINE OMEGA   -(WITH PRESERVATIVE,BENZYL ALCOHOL), FAMOTIDINE OMEGA  -(WITHOUT PRESERVATIVE)",3,4286,84.7
A02BC02,INTRAVENOUS,PANTOPRAZOLE,PANTOPRAZOLE SODIUM FOR INJECTION,3,4289,84.7
A07AA12,ORAL,FIDAXOMICIN,DIFICID,3,4292,84.8
A07EC01,ORAL,SULFASALAZINE,"PMS-SULFASALAZINE 500MG/TAB USP, PMS-SULFASALAZINE-E.C. TAB 500MG",3,4295,84.8
A10BB01,ORAL,GLIBENCLAMIDE,"APO GLYBURIDE TAB 2.5MG, DIABETA, GLYBURIDE",3,4298,84.9
A11HA02,INTRAMUSCULAR,PYRIDOXINE (VIT B6),"PYRIDOXINE HYDROCHLORIDE INJECTION, USP",3,4301,84.9
B01AB01,INTRAVENOUS,HEPARIN,"HEPARIN SODIUM INJECTION USP, HEPARIN SODIUM INJECTION, USP",3,4304,85
B02BA01,INTRAMUSCULAR,PHYTOMENADIONE,"VITAMIN K1 INJ 10MG/ML USP, VITAMIN K1 INJ 1MG/0.5ML USP",3,4307,85.1
B05XA03,INTRAMUSCULAR,SODIUM CHLORIDE,"SODIUM CHLORIDE BACTERIOSTATIC INJ, SODIUM CHLORIDE INJECTION USP",3,4310,85.1
B05XA17,INTRAVENOUS,POTASSIUM ACETATE,POTASSIUM ACETATE INJECTION USP,3,4313,85.2
B05XA30,INTRAVENOUS,COMBINATIONS OF ELECTROLYTES,"CALCIUM GLUCONATE INJECTION, USP 10%, TPN ELECTROLYTES",3,4316,85.2
C01DA14,ORAL,ISOSORBIDE MONONITRATE,"APO-ISMN, PMS-ISMN",3,4319,85.3
C02CA04,ORAL,DOXAZOSIN,"APO-DOXAZOSIN, TEVA-DOXAZOSIN",3,4322,85.4
C03CA01,INTRAMUSCULAR,FUROSEMIDE,FUROSEMIDE INJECTION SDZ,3,4325,85.4
C05BB04,INTRAVENOUS,SODIUM TETRADECYL SULPHATE,"TROMBOJECT 1% INJ 10MG/ML, TROMBOJECT 3% INJ 30MG/ML",3,4328,85.5
C07AA03,ORAL,PINDOLOL,"PINDOLOL-10 TAB 10MG, PINDOLOL-5 TAB 5MG, TEVA-PINDOLOL",3,4331,85.5
C07AB09,INTRAVENOUS,ESMOLOL,"BREVIBLOC INJECTION 10MG/ML, BREVIBLOC PREMIXED INJECTION",3,4334,85.6
C07CB03,ORAL,ATENOLOL AND OTHER DIURETICS,AA-ATENIDONE,3,4337,85.7
C09AA07,ORAL,BENAZEPRIL,BENAZEPRIL,3,4340,85.7
C09BB04,ORAL,PERINDOPRIL AND AMLODIPINE,VIACORAM,3,4343,85.8
C09CA02,ORAL,EPROSARTAN,TEVETEN,3,4346,85.8
C09CA09,ORAL,Azilsartan medoxomil,EDARBI,3,4349,85.9
C09DA09,ORAL,AZILSARTANT MEDOXIMIL AND DIURETICS,EDARBYCLOR,3,4352,86
D06AX01,TOPICAL,FUSIDIC ACID,"FUCIDIN CREAM 2%, FUCIDIN OINTMENT 2%",3,4355,86
D10BA01,ORAL,ISOTRETINOIN,CLARUS,3,4358,86.1
G03BA03,INTRAMUSCULAR,TESTOSTERONE,"DELATESTRYL, DEPO-TESTOSTERONE INJ 100MG/ML",3,4361,86.1
G03CA03,ORAL,ESTRADIOL,ESTRACE,3,4364,86.2
G03CA03,TRANSDERMAL,ESTRADIOL,"CLIMARA 25, SANDOZ ESTRADIOL DERM 50, SANDOZ ESTRADIOL DERM 75",3,4367,86.3
G03GA10,SUBCUTANEOUS,FOLLITROPIN DELTA,REKOVELLE,3,4370,86.3
G04BD04,ORAL,OXYBUTYNIN,PMS-OXYBUTYNIN,3,4373,86.4
H02AB01,INTRA-ARTICULAR,BETAMETHASONE,CELESTONE SOLUSPAN,3,4376,86.4
H02AB06,ORAL,PREDNISOLONE,PMS-PREDNISOLONE,3,4379,86.5
H03AA02,ORAL,LIOTHYRONINE SODIUM,CYTOMEL,3,4382,86.5
J01DC02,INTRAVENOUS,CEFUROXIME,"CEFUROXIME FOR INJECTION, USP",3,4385,86.6
J01DD08,ORAL,CEFIXIME,SUPRAX,3,4388,86.7
J05AE04,ORAL,NELFINAVIR,"VIRACEPT, VIRACEPT -250MG",3,4391,86.7
J05AE08,ORAL,ATAZANAVIR,MYLAN-ATAZANAVIR,3,4394,86.8
J05AF10,ORAL,ENTECAVIR,"APO-ENTECAVIR, JAMP ENTECAVIR, PMS-ENTECAVIR",3,4397,86.8
J07AH08,INTRAMUSCULAR,"Meningococcus, A, C, Y, W-135, tetraval. purified polysacc. antigen conjugated","MENACTRA, MENVEO",3,4400,86.9
J07AL02,INTRAMUSCULAR,"PNEUMOCOCCUS, PURIFIED POLYSACC.ANTIGEN CONJUGATED","PNEUMOVAX 23, SYNFLORIX",3,4403,87
J07BD54,INTRAMUSCULAR,"MEASLES, COMBINATIONS WITH MUMPS, RUBELLA AND VARICELLA, LIVE ATTENUATED",PRIORIX-TETRA,3,4406,87
J07BK,INTRAMUSCULAR,VARICELLA ZOSTER VACCINES,SHINGRIX,3,4409,87.1
L01BA01,INTRAVENOUS,METHOTREXATE,METHOTREXATE INJECTION USP,3,4412,87.1
L01BA03,INTRAVENOUS,RALTITREXED,TOMUDEX,3,4415,87.2
L01DB03,INTRAVENOUS,EPIRUBICIN,"EPIRUBICIN FOR INJECTION, PMS-EPIRUBICIN",3,4418,87.3
L01XX35,ORAL,ANAGRELIDE,"PMS-ANAGRELIDE, SANDOZ ANAGRELIDE",3,4421,87.3
L01XX52,ORAL,VENETOCLAX,VENCLEXTA,3,4424,87.4
L02BG06,ORAL,EXEMESTANE,"ACT EXEMESTANE, AROMASIN, MED-EXEMESTANE",3,4427,87.4
L04AD01,ORAL,CICLOSPORIN,SANDOZ CYCLOSPORINE,3,4430,87.5
M01AB55,ORAL,"DICLOFENAC, COMBINATIONS","GD-DICLOFENAC/MISOPROSTOL 50, PMS-DICLOFENAC-MISOPROSTOL",3,4433,87.6
M03BX08,ORAL,CYCLOBENZAPRINE,"APO-CYCLOBENZAPRINE, MYLAN-CYCLOBENZAPRINE, PMS-CYCLOBENZAPRINE - TAB 10MG",3,4436,87.6
M04AC01,ORAL,COLCHICINE,"COLCHICINE TAB 0.6MG, PMS-COLCHICINE, SANDOZ COLCHICINE",3,4439,87.7
N01BB09,INFILTRATION,ROPIVACAINE,"ROPIVACAINE HYDROCHLORIDE INJECTION, USP",3,4442,87.7
N02AA05,ORAL,OXYCODONE,"APO-OXYCODONE CR, OXYCODONE",3,4445,87.8
N02AB03,BUCCAL,FENTANYL,FENTORA,3,4448,87.9
N02BA01,ORAL,ACETYLSALICYLIC ACID,"ASAPHEN, ASAPHEN E.C. 80 MG, ASATAB 80 MG CHEWABLE TABLETS",3,4451,87.9
N02CC01,NASAL,SUMATRIPTAN,IMITREX NASAL SPRAY,3,4454,88
N02CC01,SUBCUTANEOUS,SUMATRIPTAN,"IMITREX, TARO-SUMATRIPTAN",3,4457,88
N04BA03,ORAL,"LEVODOPA,DECARBOXYLASE INHIBITOR, AND COMT INHIBITOR",STALEVO,3,4460,88.1
N04BD02,ORAL,RASAGILINE,"APO-RASAGILINE, TEVA-RASAGILINE",3,4463,88.1
N04BX02,ORAL,ENTACAPONE,"SANDOZ ENTACAPONE, TEVA-ENTACAPONE",3,4466,88.2
N05AD01,ORAL,HALOPERIDOL,TEVA-HALOPERIDOL,3,4469,88.3
N05BA08,ORAL,BROMAZEPAM,"APO-BROMAZEPAM - TAB 1.5MG, BROMAZEPAM-3 - TAB 3MG, BROMAZEPAM-6 - TAB 6MG",3,4472,88.3
N06AA10,ORAL,NORTRIPTYLINE,AVENTYL,3,4475,88.4
N06AG02,ORAL,MOCLOBEMIDE,"MANERIX, MOCLOBEMIDE",3,4478,88.4
N06AX02,ORAL,TRYPTOPHAN,APO-TRYPTOPHAN,3,4481,88.5
N06BA07,ORAL,MODAFINIL,"MAR-MODAFINIL, TEVA-MODAFINIL",3,4484,88.6
N07BB04,ORAL,NALTREXONE,APO-NALTREXONE,3,4487,88.6
P01BA02,ORAL,HYDROXYCHLOROQUINE,"MYLAN-HYDROXYCHLOROQUINE, PLAQUENIL, PRO-HYDROXYQUINE - 200",3,4490,88.7
P01BB51,ORAL,"PROGUANIL, COMBINATIONS *","ATOVAQUONE AND PROGUANIL HYDROCHLORIDE TABLETS, MYLAN-ATOVAQUONE/PROGUANIL, TEVA-ATOVAQUONE PROGUANIL",3,4493,88.7
P01BC01,ORAL,QUININE,"PRO-QUININE - 200, QUININE - ODAN, TEVA-QUININE",3,4496,88.8
R01AD01,NASAL,BECLOMETHASONE,"APO-BECLOMETHASONE NASAL SPRAY, MYLAN-BECLO AQ",3,4499,88.9
R01AD05,NASAL,BUDESONIDE,"MYLAN-BUDESONIDE AQ, RHINOCORT AQUA",3,4502,88.9
R03CB03,ORAL,ORCIPRENALINE,ORCIPRENALINE,3,4505,89
R05DA03,ORAL,HYDROCODONE,PDP-HYDROCODONE,3,4508,89
R05DA20,ORAL,COMBINATIONS,"DALMACOL, TEVA-COTRIDIN, TUSSIONEX",3,4511,89.1
R06AA59,ORAL,"DOXYLAMINE, COMBINATIONS","APO-DOXYLAMINE/B6, PMS-DOXYLAMINE-PYRIDOXINE",3,4514,89.2
S01BA,OPHTHALMIC,"CORTICOSTEROIDS, PLAIN",DUREZOL,3,4517,89.2
S01BC11,OPHTHALMIC,BROMFENAC,PROLENSA,3,4520,89.3
S01FA01,OPHTHALMIC,ATROPINE,"ISOPTO ATROPINE, MINIMS ATROPINE SULPHATE 1%",3,4523,89.3
V03AB09,INTRAMUSCULAR,DIMERCAPROL,BAL IN OIL 3ML AMPULES/10,3,4526,89.4
V03AB17,INTRAVENOUS,METHYLTHIONINIUM CHLORIDE,METHYLENE BLUE INJECTION USP,3,4529,89.5
V04CX,INTRAVENOUS,OTHER DIAGNOSTIC AGENTS,IC-GREEN,3,4532,89.5
V08CA03,INTRAVENOUS,GADODIAMIDE,OMNISCAN,3,4535,89.6
A01AD02,BUCCAL,BENZYDAMINE,"ODAN-BENZYDAMINE, PHARIXIA",2,4537,89.6
A02BA02,INTRAMUSCULAR,RANITIDINE,RANITIDINE INJECTION USP,2,4539,89.7
A02BA04,ORAL,NIZATIDINE,AXID,2,4541,89.7
A02BD07,ORAL,"LANSOPRAZOLE, AMOXICILLIN AND CLARITHROMYCIN","APO-LANSOPRAZOLE-AMOXICILLIN-CLARITHROMYCIN, HP-PAC",2,4543,89.7
A02BX02,ORAL,SUCRALFATE,"SULCRATE, TEVA-SUCRALFATE",2,4545,89.8
A03AA07,ORAL,DICYCLOVERINE,PROTYLOL,2,4547,89.8
A03AX04,ORAL,PINAVERIUM,APO-PINAVERIUM,2,4549,89.8
A03BB01,ORAL,BUTYLSCOPOLAMINE,BUSCOPAN,2,4551,89.9
A04AA02,INTRAVENOUS,GRANISETRON,GRANISETRON HYDROCHLORIDE INJECTION,2,4553,89.9
A07EA04,RECTAL,BETAMETHASONE,BETNESOL RETENTION ENEMA 5MG/100ML,2,4555,90
A07EA06,RECTAL,BUDESONIDE,ENTOCORT ENEMA,2,4557,90
A07EC02,RECTAL,MESALAZINE,MEZERA,2,4559,90
A10BF01,ORAL,ACARBOSE,GLUCOBAY,2,4561,90.1
A11CC04,INTRAVENOUS,CALCITRIOL,CALCITRIOL INJECTION USP,2,4563,90.1
A11GA01,INTRAMUSCULAR,ASCORBIC ACID (VIT C),"ASCOR L 500, VITAMIN C",2,4565,90.2
B01AC07,INTRAVENOUS,DIPYRIDAMOLE,PERSANTINE,2,4567,90.2
B03AC,INTRAVENOUS,"IRON, PARENTERAL PREPARATIONS",FERRLECIT,2,4569,90.2
B03BA01,INTRAMUSCULAR,CYANOCOBALAMIN,"CYANOCOBALAMIN INJECTION USP, CYANOCOBALAMIN INJECTION, USP",2,4571,90.3
B03BB01,ORAL,FOLIC ACID,"FOLIC ACID, SANDOZ FOLIC ACID",2,4573,90.3
B05AA55,INTRAVENOUS,"DEXTRAN,COMBINATIONS",LMD 10% IN DEXTROSE 5%,2,4575,90.4
B05BC01,INTRAVENOUS,MANNITOL,MANNITOL INJECTION USP,2,4577,90.4
B05CB01,INTRAMUSCULAR,SODIUM CHLORIDE,BACTERIOSTATIC SODIUM CHLORIDE INJECTION USP,2,4579,90.4
B05D,INTRAPERITONEAL,PERITONEAL DIALYTICS,EXTRANEAL,2,4581,90.5
C01BC04,ORAL,FLECAINIDE,APO-FLECAINIDE,2,4583,90.5
C01DA02,INTRAVENOUS,GLYCERYL TRINITRATE,"NITROGLYCERIN IN 5% DEXTROSE INJ.-200MCG/ML, NITROGLYCERIN IN 5% DEXTROSE INJ.-400MCG/ML",2,4585,90.6
C01DA02,SUBLINGUAL,GLYCERYL TRINITRATE,"MYLAN-NITRO SUBLINGUAL SPRAY, NITROLINGUAL PUMPSPRAY",2,4587,90.6
C02DD01,INTRAVENOUS,NITROPRUSSIDE,NIPRIDE,2,4589,90.6
C03DA01,ORAL,SPIRONOLACTONE,TEVA-SPIRONOLACTONE,2,4591,90.7
C03EA01,ORAL,HYDROCHLOROTHIAZIDE AND POTASSIUM-SPARING AGENTS,"ALDACTAZIDE 50, AA-AMILZIDE",2,4593,90.7
C09BA08,ORAL,CILAZAPRIL AND DIURETICS,"APO-CILAZAPRIL/HCTZ, TEVA-CILAZAPRIL/HCTZ",2,4595,90.8
C09DA02,ORAL,EPROSARTAN AND DIURETICS,TEVETEN PLUS,2,4597,90.8
C10AA04,ORAL,FLUVASTATIN,TEVA-FLUVASTATIN,2,4599,90.8
D01AC08,TOPICAL,KETOCONAZOLE,KETODERM CREAM 2%,2,4601,90.9
D02AB,TOPICAL,ZINC PRODUCTS,"ZINCOFAX, ZINCOFAX EXTRA STRENGTH",2,4603,90.9
D05BB02,ORAL,ACITRETIN,TARO-ACITRETIN,2,4605,91
D06BB04,TOPICAL,PODOPHYLLOTOXIN,PODOFILM LIQ 250MG/ML,2,4607,91
D07AC11,TOPICAL,AMCINONIDE,TARO-AMCINONIDE,2,4609,91
D07AC18,TOPICAL,PREDNICARBATE,DERMATOP EMOLLIENT CREAM,2,4611,91.1
D07XC01,TOPICAL,BETAMETHASONE,"DIPROSALIC, RATIO-TOPISALIC",2,4613,91.1
D10AX03,TOPICAL,AZELAIC ACID,FINACEA,2,4615,91.2
D11AH02,TOPICAL,PIMECROLIMUS,ELIDEL,2,4617,91.2
D11AX24,SUBCUTANEOUS,DEOXYCHOLIC ACID,BELKYRA,2,4619,91.2
G01AA10,VAGINAL,CLINDAMYCIN,DALACIN VAGINAL CREAM,2,4621,91.3
G03AC06,INTRAMUSCULAR,MEDROXYPROGESTERONE,DEPO-PROVERA STERILE AQUEOUS SUSPENSION 150 MG/ML,2,4623,91.3
G03AD01,ORAL,LEVONORGESTREL,"BACKUP PLAN ONESTEP, CONTINGENCY ONE",2,4625,91.3
G03XB51,BUCCAL,"MIFEPRISTONE, COMBINATIONS",MIFEGYMISO,2,4627,91.4
G04BE01,INTRACAVERNOSAL,ALPROSTADIL,CAVERJECT STERILE POWDER,2,4629,91.4
G04BX13,INTRAVESICAL,DIMETHYL SULFOXIDE,RIMSO-50,2,4631,91.5
G04CA04,ORAL,SILODOSIN,RAPAFLO,2,4633,91.5
G04CA52,ORAL,TAMSULOSIN AND DUTASTERIDE,JALYN,2,4635,91.5
H01BA02,NASAL,DESMOPRESSIN,DESMOPRESSIN SPRAY,2,4637,91.6
H01CB05,SUBCUTANEOUS,Pasireotide,SIGNIFOR,2,4639,91.6
H02AA02,ORAL,FLUDROCORTISONE,FLORINEF,2,4641,91.7
H02AB02,INTRA-ARTICULAR,DEXAMETHASONE,"DEXAMETHASONE SODIUM PHOSPHATE INJECTION, USP, DEXAMETHASONE-OMEGA",2,4643,91.7
H02AB02,INTRAMUSCULAR,DEXAMETHASONE,"DEXAMETHASONE-OMEGA, PMS-DEXAMETHASONE SOD PHOSPHATE INJ 10MG/ML",2,4645,91.7
H02AB07,ORAL,PREDNISONE,"APO PREDNISONE TAB 50MG, PREDNISONE TAB 5MG",2,4647,91.8
H02AB10,ORAL,CORTISONE,CORTISONE ACETATE,2,4649,91.8
J01CA01,INTRAVENOUS,AMPICILLIN,AMPICILLIN SODIUM FOR INJECTION BP,2,4651,91.9
J01DB05,ORAL,CEFADROXIL,"APO-CEFADROXIL, TEVA-CEFADROXIL",2,4653,91.9
J01DD02,INTRAVENOUS,CEFTAZIDIME,"CEFTAZIDIME FOR INJECTION BP, FORTAZ",2,4655,91.9
J01DE01,INTRAVENOUS,CEFEPIME,APO-CEFEPIME,2,4657,92
J01FA02,ORAL,SPIRAMYCIN,"ROVAMYCINE 250 CAPSULE 750000 UNIT, ROVAMYCINE 500 CAPSULE 1500000 UNIT",2,4659,92
J01FA10,INTRAVENOUS,AZITHROMYCIN,"AZITHROMYCIN FOR INJECTION, ZITHROMAX FOR INTRAVENOUS INJECTION",2,4661,92.1
J01GB03,INTRAVENOUS,GENTAMICIN,GENTAMICIN(E),2,4663,92.1
J01XX08,ORAL,LINEZOLID,"APO-LINEZOLID, ZYVOXAM",2,4665,92.1
J02AC03,INTRAVENOUS,VORICONAZOLE,"VFEND FOR INJECTION, VORICONAZOLE FOR INJECTION",2,4667,92.2
J02AC04,INTRAVENOUS,POSACONAZOLE,POSANOL,2,4669,92.2
J05AB14,ORAL,VALGANCICLOVIR,AURO-VALGANCICLOVIR,2,4671,92.3
J05AF06,ORAL,ABACAVIR,APO-ABACAVIR,2,4673,92.3
J05AF07,ORAL,TENOFOVIR DISOPROXIL,"APO-TENOFOVIR, MYLAN-TENOFOVIR DISOPROXIL",2,4675,92.3
J05AG01,ORAL,NEVIRAPINE,"MYLAN-NEVIRAPINE, VIRAMUNE XR",2,4677,92.4
J05AR04,ORAL,"ZIDOVUDINE, LAMIVUDINE AND ABACAVIR","APO-ABACAVIR-LAMIVUDINE-ZIDOVUDINE, TRIZIVIR",2,4679,92.4
J06BB05,INTRAMUSCULAR,RABIES IMMUNOGLOBULIN,IMOGAM RABIES PASTEURIZED,2,4681,92.5
J07BD52,SUBCUTANEOUS,"MEASLES,COMBIN. WITH MUMPS AND RUBELLA,LIVE ATTENUATED",M-M-R II,2,4683,92.5
L01AB01,ORAL,BUSULFAN,MYLERAN,2,4685,92.5
L01BC02,TOPICAL,FLUOROURACIL,EFUDEX,2,4687,92.6
L01CA01,INTRAVENOUS,VINBLASTINE,VINBLASTINE SULPHATE INJECTION,2,4689,92.6
L01CA02,INTRAVENOUS,VINCRISTINE,VINCRISTINE SULFATE INJECTION,2,4691,92.7
L01DB02,INTRAVENOUS,DAUNORUBICIN,CERUBIDINE 20MG/VIAL,2,4693,92.7
L01XA01,INTRAVENOUS,CISPLATIN,CISPLATIN INJECTION,2,4695,92.7
L01XX19,INTRAVENOUS,IRINOTECAN,"IRINOTECAN, ONIVYDE",2,4697,92.8
L03AB05,INTRAMUSCULAR,INTERFERON ALFA-2B,INTRON A,2,4699,92.8
L04AX01,ORAL,AZATHIOPRINE,"IMURAN, TEVA-AZATHIOPRINE",2,4701,92.9
M01AC01,ORAL,PIROXICAM,"APO PIROXICAM CAP 10MG, TEVA-PIROXICAM",2,4703,92.9
M02AA15,TOPICAL,DICLOFENAC,TARO-DICLOFENAC,2,4705,92.9
M03AC09,INTRAVENOUS,ROCURONIUM BROMIDE,ROCURONIUM BROMIDE INJECTION,2,4707,93
N01AH01,INTRAMUSCULAR,FENTANYL,"FENTANYL CITRATE INJECTION SDZ, FENTANYL CITRATE INJECTION USP",2,4709,93
N01BB51,BLOCK/INFILTRATION,"BUPIVACAINE, COMBINATIONS",MARCAINE E,2,4711,93
N01BB58,BLOCK/INFILTRATION,"ARTICAINE, COMBINATIONS","4% ASTRACAINE DENTAL WITH EPINEPHRINE 1:200,000 (0.005MG/ML)",2,4713,93.1
N02AA01,INTRAVENOUS,MORPHINE,MORPHINE SULFATE INJECTION USP,2,4715,93.1
N02AA03,INTRAMUSCULAR,HYDROMORPHONE,HYDROMORPHONE HYDROCHLORIDE INJECTION USP,2,4717,93.2
N02AA79,ORAL,"CODEIN, COMBINATIONS WITH PSYCHOLEPTICS","TEVA-TECNAL C 1/2, TEVA-TECNAL C 1/4",2,4719,93.2
N02AB03,INTRAMUSCULAR,FENTANYL,FENTANYL CITRATE INJECTION USP,2,4721,93.2
N02AX06,ORAL,TAPENTADOL,NUCYNTA EXTENDED-RELEASE,2,4723,93.3
N02BA71,ORAL,"ACETYLSALICYLIC ACID, COMB WITH PSYCHOLEPTICS",TEVA-TECNAL,2,4725,93.3
N02CC06,ORAL,ELETRIPTAN,"RELPAX, TEVA-ELETRIPTAN",2,4727,93.4
N04BC01,ORAL,BROMOCRIPTINE,BROMOCRIPTINE,2,4729,93.4
N05AC01,ORAL,PERICIAZINE,NEULEPTIL,2,4731,93.4
N05BA09,ORAL,CLOBAZAM,APO-CLOBAZAM,2,4733,93.5
N05CD05,ORAL,TRIAZOLAM,TRIAZOLAM,2,4735,93.5
N06AF04,ORAL,TRANYLCYPROMINE,PARNATE,2,4737,93.6
N06AX,ORAL,OTHER ANTIDEPRESSANTS,FETZIMA,2,4739,93.6
N06BA02,ORAL,DEXAMFETAMINE,ACT DEXTROAMPHETAMINE SR,2,4741,93.6
N07BB03,ORAL,ACAMPROSATE,CAMPRAL,2,4743,93.7
N07XX02,ORAL,RILUZOLE,"APO-RILUZOLE, MYLAN-RILUZOLE",2,4745,93.7
N07XX06,ORAL,TETRABENAZINE,"APO-TETRABENAZINE, TETRABENAZINE TABLETS",2,4747,93.8
R01AD11,NASAL,TRIAMCINOLONE,APO-TRIAMCINOLONE AQ,2,4749,93.8
R03AC03,INHALATION,TERBUTALINE,BRICANYL TURBUHALER,2,4751,93.8
R03AK09,INHALATION,FORMOTEROL AND MOMETASONE,ZENHALE,2,4753,93.9
R03AL02,INHALATION,SALBUTAMOL AND IPRATROPIUM BROMIDE,"RATIO-IPRA SAL UDV, TEVA-COMBO STERINEBS",2,4755,93.9
R03BB07,INHALATION,UMECLIDINIUM BROMIDE,INCRUSE ELLIPTA,2,4757,94
R06AA02,ORAL,DIPHENHYDRAMINE,"APO DIMENHYDRINATE TAB 50MG, UNISOM SLEEP GELS",2,4759,94
R06AX02,ORAL,CYPROHEPTADINE,SANDOZ CYPROHEPTADINE,2,4761,94
R07AA02,INTRATRACHEAL,NATURAL PHOSPHOLIPIDS,SURVANTA,2,4763,94.1
S01AE03,OPHTHALMIC,CIPROFLOXACIN,CILOXAN,2,4765,94.1
S01BA01,OPHTHALMIC,DEXAMETHASONE,MAXIDEX,2,4767,94.2
S01BA05,INTRAVITREAL,TRIAMCINOLONE,TRIESENCE,2,4769,94.2
S01BA07,OPHTHALMIC,FLUOROMETHOLONE,FML 0.1%,2,4771,94.2
S01CA01,OPHTHALMIC,DEXAMETHASONE AND ANTIINFECTIVES,MAXITROL,2,4773,94.3
S01EB09,OPHTHALMIC,ACETYLCHOLINE,MIOCHOL E,2,4775,94.3
S01EC03,OPHTHALMIC,DORZOLAMIDE,SANDOZ DORZOLAMIDE,2,4777,94.4
S01ED02,OPHTHALMIC,BETAXOLOL,BETOPTIC S,2,4779,94.4
S01FA06,OPHTHALMIC,TROPICAMIDE,MINIMS TROPICAMIDE 1%,2,4781,94.4
S01GX05,OPHTHALMIC,LODOXAMIDE,ALOMIDE,2,4783,94.5
V01AA11,INTRADERMAL,ANIMALS,"ALLERGENIC EXTRACT, STANDARDIZED CAT PELT, STANDARDIZED CAT PELT AP",2,4785,94.5
V03AB06,INTRAVENOUS,THIOSULPHATE,SODIUM THIOSULFATE INJECTION USP,2,4787,94.5
V03AE01,ORAL,POLYSTYRENE SULPHONATE,"ODAN-SODIUM POLYSTYRENE SULFONATE, SOLYSTAT",2,4789,94.6
V03AF01,INTRAVENOUS,MESNA,UROMITEXAN,2,4791,94.6
V03AF02,INTRAVENOUS,DEXRAZOXANE,ZINECARD,2,4793,94.7
V03AF03,INTRAMUSCULAR,CALCIUM FOLINATE,"LEUCOVORIN CALCIUM INJECTION, LEUCOVORIN CALCIUM INJECTION USP",2,4795,94.7
V04CX,INHALATION,OTHER DIAGNOSTIC AGENTS,METHACHOLINE OMEGA,2,4797,94.7
V07AB,INTRAPERITONEAL,"SOLVENTS AND DILUTING AGENTS,INCL IRRIGAT SOLUT",STERILE WATER FOR IRRIGATION USP,2,4799,94.8
V07AB,IRRIGATION,"SOLVENTS AND DILUTING AGENTS,INCL IRRIGAT SOLUT","STERILE WATER FOR IRRIGATION, USP",2,4801,94.8
V08AA04,INTRAVASCULAR,IOTALAMIC ACID,CONRAY 60,2,4803,94.9
V08AB02,SUBARACHNOIDAL,IOHEXOL,OMNIPAQUE 240,2,4805,94.9
V08AB07,INTRAVASCULAR,IOVERSOL,OPTIRAY 320 (ULTRAJECT),2,4807,94.9
V09FX01,INTRAVENOUS,TECHNETIUM (99m Tc) PERTECHNETATE,ULTRA-TECHNEKOW V4,2,4809,95
A01AB03,DENTAL,CHLORHEXIDINE,PREVORA STAGE 1,1,4810,95
A01AB22,ORAL,DOXYCYCLINE,PERIOSTAT,1,4811,95
A01AC01,DENTAL,TRIAMCINOLONE,ORACORT DENTAL PASTE 0.1%,1,4812,95
A02BA01,ORAL,CIMETIDINE,CIMETIDINE,1,4813,95.1
A03AB02,INTRAMUSCULAR,GLYCOPYRRONIUM,GLYCOPYRROLATE INJECTION MULTIDOSE,1,4814,95.1
A03FA01,ORAL,METOCLOPRAMIDE,METONIA,1,4815,95.1
A06AB02,ORAL,BISACODYL,APO-BISACODYL,1,4816,95.1
A06AB56,ORAL,"SENNA GLYCOSIDES, COMBINATIONS",SANDOZ SENNA S,1,4817,95.1
A06AD15,ORAL,MACROGOL,LAX-A-DAY PHARMA,1,4818,95.2
A07EC02,ORAL,MESALAZINE,TEVA-5 ASA,1,4819,95.2
A10BD07,ORAL,METFORMIN AND SITAGLIPTIN,JANUMET,1,4820,95.2
A10BD16,ORAL,METFORMIN AND CANAGLIFLOZIN,INVOKAMET,1,4821,95.2
A10BD20,ORAL,METFORMIN AND EMPAGLIFLOZIN,SYNJARDY,1,4822,95.2
A10BG02,ORAL,ROSIGLITAZONE,AVANDIA,1,4823,95.3
A11CC01,ORAL,ERGOCALCIFEROL,OSTO-D2,1,4824,95.3
A11CC03,INTRAVENOUS,ALFACALCIDOL,ONE-ALPHA,1,4825,95.3
A11CC04,ORAL,CALCITRIOL,TARO-CALCITRIOL,1,4826,95.3
A11CC05,ORAL,COLECALCIFEROL,EURO D 10 000,1,4827,95.3
A13A,ORAL,TONICS,ALERTONIC,1,4828,95.4
A16AA01,ORAL,LEVOCARNITINE,CARNITOR,1,4829,95.4
A16AB09,INTRAVENOUS,IDURSULFASE,ELAPRASE,1,4830,95.4
B01AA07,ORAL,ACENOCOUMAROL,SINTROM,1,4831,95.4
B01AB05,SUBCUTANEOUS,ENOXAPARIN,LOVENOX,1,4832,95.4
B01AC06,ORAL,ACETYLSALICYLIC ACID,PRAXIS ASA EC 81 MG DAILY LOW DOSE,1,4833,95.5
B01AC07,ORAL,DIPYRIDAMOLE,APO-DIPYRIDAMOLE-FC TAB 75MG,1,4834,95.5
B01AF03,ORAL,EDOXABAN,LIXIANA,1,4835,95.5
B01AX05,INTRAVENOUS,FONDAPARINUX,ARIXTRA,1,4836,95.5
B02AA02,INTRAVENOUS,TRANEXAMIC ACID,ERFA-TRANEXAMIC,1,4837,95.5
B05BB02,INTRAVENOUS,ELECTROLYTES WITH CARBOHYDRATES,(20MMOL/L) POTASSIUM CHLORIDE IN 5% DEXTROSE AND 0.45% SODIUM CHLORIDE INJECTION USP,1,4838,95.6
B05CB01,INTRAPERITONEAL,SODIUM CHLORIDE,SODIUM CHLORIDE IRRIGATION USP,1,4839,95.6
B05CB01,IRRIGATION,SODIUM CHLORIDE,"0.9% SODIUM CHLORIDE IRRIGATION, USP",1,4840,95.6
B05CB10,IRRIGATION,COMBINATIONS,UROLOGIC G FOR IRRIGATION,1,4841,95.6
B05CX03,IRRIGATION,GLYCINE,GLYCINE 1.5% IRRIGATION USP SOL,1,4842,95.6
B05CX10,IRRIGATION,COMBINATIONS,CYSTOSOL W 3% HEXITOLS,1,4843,95.7
B05XA09,INTRAVENOUS,SODIUM PHOSPHATE,SODIUM PHOSPHATES INJECTION USP,1,4844,95.7
B05XA31,INTRAVENOUS,ELECTROLYTES IN COMB WITH OTHER DRUGS,MICRO PLUS 4 REGULAR STRENGTH,1,4845,95.7
B05XC,INTRAVENOUS,VITAMINS,MULTI 12 INJECTION,1,4846,95.7
B05Z,DIALYSIS,HEMODIALYTICS AND HEMOFILTRATES,NXSTAGE PUREFLOW SOLUTION RFP-209-CAN,1,4847,95.7
C01CA03,INTRAVENOUS,NOREPINEPHRINE,NOREPINEPHRINE BITARTRATE INJ 1MG/ML USP,1,4848,95.8
C01CA17,ORAL,MIDODRINE,APO-MIDODRINE,1,4849,95.8
C01CE02,INTRAVENOUS,MILRINONE,MILRINONE LACTATE INJECTION,1,4850,95.8
C01DA02,TOPICAL,GLYCERYL TRINITRATE,NITROL,1,4851,95.8
C01EB10,INTRAVENOUS,ADENOSINE,ADENOSINE INJECTION,1,4852,95.8
C02DB02,INTRAVENOUS,HYDRALAZINE,APRESOLINE,1,4853,95.9
C02KX,INTRAVENOUS,ANTIHYPERTENSIVES FOR PULMONARY ARTERIAL HYPERTENSION,REVATIO,1,4854,95.9
C02KX01,ORAL,BOSENTAN,SANDOZ BOSENTAN,1,4855,95.9
C03BA04,ORAL,CHLORTALIDONE,CHLORTHALIDONE,1,4856,95.9
C03CA02,ORAL,BUMETANIDE,BURINEX,1,4857,95.9
C03CC01,ORAL,ETACRYNIC ACID,EDECRIN,1,4858,96
C03DA04,ORAL,EPLERENONE,INSPRA,1,4859,96
C04AB01,INTRAMUSCULAR,PHENTOLAMINE,PHENTOLAMINE MESYLATE INJECTION SANDOZ STANDARD,1,4860,96
C04AC01,ORAL,NICOTINIC ACID,NIODAN 500 MG TIME RELEASE TABLETS,1,4861,96
C05AA51,RECTAL,"HYDROCORTISONE, COMBINATIONS",SANDOZ PROCTOMYXIN HC SUPPOSITORIES,1,4862,96
C05BB,INTRAVENOUS,SCLEROSINGAGENTS FOR LOCAL INJECTION,SCLERODINE 6 INJECTION,1,4863,96
C05BB02,INTRAVENOUS,POLIDOCANOL,VARITHENA,1,4864,96.1
C07AB02,INTRAVENOUS,METOPROLOL,METOPROLOL TARTRATE INJECTION USP,1,4865,96.1
C07AG01,ORAL,LABETALOL,TRANDATE,1,4866,96.1
C08CA06,ORAL,NIMODIPINE,NIMOTOP,1,4867,96.1
C08DA01,INTRAVENOUS,VERAPAMIL,VERAPAMIL HYDROCHLORIDE INJECTION USP,1,4868,96.1
C09BB10,ORAL,TRANDOLAPRIL AND VERAPAMIL,TARKA,1,4869,96.2
C10AB04,ORAL,GEMFIBROZIL,TEVA-GEMFIBROZIL,1,4870,96.2
C10AC02,ORAL,COLESTIPOL,COLESTID TABLETS,1,4871,96.2
C10AD02,ORAL,NICOTINIC ACID,NIASPAN FCT,1,4872,96.2
D02AC,TOPICAL,SOFT PARAFFIN AND FAT PRODUCTS,STERILE LIGHT MINERAL OIL 100%,1,4873,96.2
D04AB06,TOPICAL,TETRACAINE,AMETOP GEL 4%,1,4874,96.3
D05AX52,TOPICAL,"CALCIPOTRIOL, COMBINATIONS",DOVOBET OINTMENT,1,4875,96.3
D06BB03,TOPICAL,ACICLOVIR,ZOVIRAX,1,4876,96.3
D06BB12,TOPICAL,Sinecatechins,VEREGEN,1,4877,96.3
D06BB53,TOPICAL,"ACICLOVIR, COMBINATIONS",XERESE,1,4878,96.3
D06BX01,TOPICAL,METRONIDAZOLE,NORITATE,1,4879,96.4
D06BX02,TOPICAL,ingenol mebutate,PICATO,1,4880,96.4
D07AC21,TOPICAL,ULOBETASOL,ULTRAVATE,1,4881,96.4
D07CA01,TOPICAL,HYDROCORTISONE AND ANTIBIOTICS,VIOFORM HYDROCORTISONE,1,4882,96.4
D07CB05,TOPICAL,FLUMETASONE AND ANTIBIOTICS,LOCACORTEN VIOFORM,1,4883,96.4
D08AC02,TOPICAL,CHLORHEXIDINE,BAXEDIN PRE-OP,1,4884,96.5
D10AA02,TOPICAL,METHYLPREDNISOLONE,NEO-MEDROL ACNE LOTION,1,4885,96.5
D11AH04,ORAL,ALITRETINOIN,TOCTINO,1,4886,96.5
G01AG02,VAGINAL,TERCONAZOLE,TARO-TERCONAZOLE CREAM,1,4887,96.5
G02AB03,INTRAMUSCULAR,ERGOMETRINE,ERGONOVINE MALEATE INJECTION,1,4888,96.5
G02AD02,ORAL,DINOPROSTONE,PROSTIN E2 TABLETS,1,4889,96.6
G03AB03,ORAL,LEVONORGESTREL AND ESTROGEN,SEASONIQUE,1,4890,96.6
G03AB04,ORAL,NORETHISTERONE AND ESTROGEN,LOLO,1,4891,96.6
G03AC01,ORAL,NORETHISTERONE,MOVISSE,1,4892,96.6
G03BA03,NASAL,TESTOSTERONE,NATESTO,1,4893,96.6
G03CA57,VAGINAL,CONJUGATED ESTROGENS,PREMARIN VAGINAL CREAM,1,4894,96.7
G03DA04,INTRAMUSCULAR,PROGESTERONE,ACT PROGESTERONE INJECTION,1,4895,96.7
G03GA07,SUBCUTANEOUS,LUTROPIN ALFA,LUVERIS,1,4896,96.7
G03HA01,ORAL,CYPROTERONE,CYPROTERONE,1,4897,96.7
G03HB01,ORAL,CYPROTERONE AND ESTROGEN,TEVA-CYPROTERONE / ETHINYL ESTRADIOL,1,4898,96.7
G03XC01,ORAL,RALOXIFENE,RALOXIFENE,1,4899,96.8
G04BD04,TRANSDERMAL,OXYBUTYNIN,OXYTROL,1,4900,96.8
G04BD10,ORAL,DARIFENACIN,ENABLEX,1,4901,96.8
G04BE04,ORAL,YOHIMBIN,YOHIMBINE-ODAN 6MG,1,4902,96.8
G04CA01,ORAL,ALFUZOSIN,ALFUZOSIN,1,4903,96.8
H01AA02,INTRAMUSCULAR,TETRACOSACTIDE,CORTROSYN INJ 0.25MG,1,4904,96.9
H01BA02,ORAL,DESMOPRESSIN,DESMOPRESSIN,1,4905,96.9
H01CA02,NASAL,NAFARELIN,SYNAREL,1,4906,96.9
H02AB04,INTRA-ARTICULAR,METHYLPREDNISOLONE,DEPO-MEDROL 80 MG/ML,1,4907,96.9
H03BA02,ORAL,PROPYLTHIOURACIL,PROPYL-THYRACIL,1,4908,96.9
H03BB02,ORAL,THIAMAZOLE,MAR-METHIMAZOLE,1,4909,97
J01AA07,ORAL,TETRACYCLINE,TETRACYCLINE,1,4910,97
J01AA12,INTRAVENOUS,TIGECYCLINE,TIGECYCLINE,1,4911,97
J01BA01,INTRAVENOUS,CHLORAMPHENICOL,CHLOROMYCETIN SUCCINATE INJECTION 1GM,1,4912,97
J01DD02,INTRAMUSCULAR,CEFTAZIDIME,FORTAZ,1,4913,97
J01DD04,INTRAVENOUS,CEFTRIAXONE,CEFTRIAXONE SODIUM FOR INJECTION BP,1,4914,97.1
J01DE01,INTRAMUSCULAR,CEFEPIME,APO-CEFEPIME,1,4915,97.1
J01DH02,INTRAVENOUS,MEROPENEM,MEROPENEM FOR INJECTION,1,4916,97.1
J01EE01,INTRAVENOUS,SULFAMETHOXAZOLE AND TRIMETHOPRIM,SEPTRA INJECTION,1,4917,97.1
J01FA01,ORAL,ERYTHROMYCIN,ERYTHRO-S,1,4918,97.1
J01GB01,INHALATION,TOBRAMYCIN,TOBRAMYCIN INHALATION SOLUTION,1,4919,97.2
J01GB01,INTRAVENOUS,TOBRAMYCIN,TOBRAMYCIN FOR INJECTION USP,1,4920,97.2
J01XE01,ORAL,NITROFURANTOIN,PMS-NITROFURANTOIN,1,4921,97.2
J01XX05,ORAL,METHENAMINE,MANDELAMINE,1,4922,97.2
J02AA01,INTRAVENOUS,AMPHOTERICIN B,FUNGIZONE,1,4923,97.2
J02AB02,ORAL,KETOCONAZOLE,APO-KETOCONAZOLE,1,4924,97.3
J02AC01,INTRAVENOUS,FLUCONAZOLE,DIFLUCAN,1,4925,97.3
J02AX04,INTRAVENOUS,CASPOFUNGIN,CASPOFUNGIN FOR INJECTION,1,4926,97.3
J04AK02,ORAL,ETHAMBUTOL,ETIBI,1,4927,97.3
J05AB01,INTRAVENOUS,ACYCLOVIR,ACYCLOVIR SODIUM INJECTION,1,4928,97.3
J05AF05,ORAL,LAMIVUDINE,APO-LAMIVUDINE HBV,1,4929,97.4
J05AG03,ORAL,EFAVIRENZ,AURO-EFAVIRENZ,1,4930,97.4
J05AR06,ORAL,"EMTRICITABINE,TENOFOVIR DISOPROXIL AND EFAVIRENZ",MYLAN-EFAVIRENZ/EMTRICITABINE/TENOFOVIR DISOPROXIL FUMARATE,1,4931,97.4
J05AX,ORAL,OTHER ANTIVIRALS,PREVYMIS,1,4932,97.4
J06BA01,SUBCUTANEOUS,"IMMUNOGLOBULINS, NORMAL HUMAN, FOR EXTRAVASC. ADM",CUVITRU,1,4933,97.4
J06BA02,INTRAVENOUS,"IMMUNOGLOBULINS, NORMAL HUMAN, FOR INTRAVASC. ADM.",GAMMAGARD LIQUID,1,4934,97.5
J07AE01,ORAL,"CHOLERA, INACTIVATED, WHOLE CELL",DUKORAL,1,4935,97.5
J07BB02,INTRAMUSCULAR,"INFLUENZA, INACTIVATED, SPLIT VIRUS OR SURFACE ANTIGEN",FLULAVAL TETRA,1,4936,97.5
J07BB03,NASAL,"INFLUENZA, LIVE ATTENUATED",FLUMIST QUADRIVALENT,1,4937,97.5
J07BD52,INTRAMUSCULAR,"MEASLES,COMBIN. WITH MUMPS AND RUBELLA,LIVE ATTENUATED",PRIORIX,1,4938,97.5
J07BF03,SUBCUTANEOUS,"POLIOMYELITIS, TRIVALENT, INACTIVATED, WHOLE VIRUS",IMOVAX POLIO,1,4939,97.6
J07BH02,ORAL,"ROTAVIRUS,PENTAVALENT,LIVE,REASSORTED",ROTATEQ,1,4940,97.6
J07BK01,SUBCUTANEOUS,"VARICELLA, LIVE ATTENUATED",VARILRIX,1,4941,97.6
J07BM02,INTRAMUSCULAR,"PAPILLOMAVIRUS (HUMAN TYPES 16,18)",CERVARIX,1,4942,97.6
L01AA01,ORAL,CYCLOPHOSPHAMIDE,PROCYTOX TAB 25MG,1,4943,97.6
L01AA02,ORAL,CHLORAMBUCIL,LEUKERAN,1,4944,97.6
L01AA06,INTRAVENOUS,IFOSFAMIDE,IFEX,1,4945,97.7
L01AB01,INTRAVENOUS,BUSULFAN,BUSULFAN FOR INJECTION,1,4946,97.7
L01AC01,INTRAVENOUS,THIOTEPA,TEPADINA,1,4947,97.7
L01BC05,INTRAVENOUS,GEMCITABINE,GEMCITABINE INJECTION,1,4948,97.7
L01CA04,INTRAVENOUS,VINORELBINE,"VINORELBINE INJECTION, USP",1,4949,97.7
L01CD01,INTRAVENOUS,PACLITAXEL,PACLITAXEL INJECTION USP,1,4950,97.8
L01DC01,INTRA-ARTERIAL,BLEOMYCIN,BLEOMYCIN FOR INJECTION USP,1,4951,97.8
L01DC03,INTRAVENOUS,MITOMYCIN,MITOMYCIN FOR INJECTION,1,4952,97.8
L01XA02,INTRAVENOUS,CARBOPLATIN,CARBOPLATIN INJECTION,1,4953,97.8
L01XE06,ORAL,DASATINIB,SPRYCEL,1,4954,97.8
L01XE29,ORAL,LENVATINIB,LENVIMA,1,4955,97.9
L01XX17,INTRAVENOUS,TOPOTECAN,TOPOTECAN HYDROCHLORIDE FOR INJECTION,1,4956,97.9
L01XX32,INTRAVENOUS,BORTEZOMIB,BORTEZOMIB,1,4957,97.9
L01XX38,ORAL,VORINOSTAT,ZOLINZA,1,4958,97.9
L02BB02,ORAL,NILUTAMIDE,ANANDRON,1,4959,97.9
L03AB05,INTRALESIONAL,INTERFERON ALFA-2B,INTRON A,1,4960,98
L03AX03,INTRAVESICAL,BCG VACCINE,ONCOTICE,1,4961,98
L04AA26,INTRAVENOUS,BELIMUMAB,BENLYSTA,1,4962,98
L04AA27,ORAL,FINGOLIMOD,MYLAN-FINGOLIMOD,1,4963,98
M01AB15,ORAL,KETOROLAC,TORADOL,1,4964,98
M01AE52,ORAL,Naproxen and esomeprazole,MYLAN-NAPROXEN/ESOMEPRAZOLE MR,1,4965,98.1
M01CB01,INTRAMUSCULAR,SODIUM AUROTHIOMALATE,MYOCHRYSINE,1,4966,98.1
M01CC01,ORAL,PENICILLAMINE,CUPRIMINE,1,4967,98.1
M03BC01,ORAL,ORPHENADRINE (CITRATE),SANDOZ ORPHENADRINE,1,4968,98.1
M03BX02,ORAL,TIZANIDINE,TIZANIDINE,1,4969,98.1
M03CA01,INTRAVENOUS,DANTROLENE,DANTRIUM INTRAVENOUS,1,4970,98.2
M04AA01,ORAL,ALLOPURINOL,APO-ALLOPURINOL,1,4971,98.2
M05BA03,INTRAVENOUS,PAMIDRONIC ACID,PAMIDRONATE DISODIUM FOR INJECTION,1,4972,98.2
M05BB01,ORAL,"ETIDRONIC ACID AND CALCIUM, SEQUENTIAL",ACT ETIDROCAL,1,4973,98.2
M09AB02,INTRALESIONAL,COLLAGENASE CLOSTRIDIUM HISTOLYTICUM,XIAFLEX,1,4974,98.2
N01BB01,INTRASPINAL,BUPIVACAINE,MARCAINE SPINAL,1,4975,98.3
N01BB01,RETROBULBAR,BUPIVACAINE,MARCAINE,1,4976,98.3
N01BB02,TOPICAL,LIDOCAINE,XYLOCAINE JELLY 2%,1,4977,98.3
N01BB03,BLOCK/INFILTRATION,MEPIVACAINE,CARBOCAINE 1%,1,4978,98.3
N01BB52,EPIDURAL,"LIDOCAINE, COMBINATIONS",XYLOCAINE 2% W EPINEPHRINE 1:200000,1,4979,98.3
N02AA02,RECTAL,OPIUM,SANDOZ OPIUM & BELLADONNA,1,4980,98.4
N02AA59,ORAL,"CODEINE, COMBINATIONS EXCL. PSYCHOLEPTICS",SPASMHALT-8,1,4981,98.4
N02AD01,ORAL,PENTAZOCINE,TALWIN,1,4982,98.4
N02AJ07,ORAL,CODEINE AND ACETYLSALICYLIC ACID,A.C. & C 8MG TAB,1,4983,98.4
N02CC02,ORAL,NARATRIPTAN,AMERGE,1,4984,98.4
N02CC07,ORAL,FROVATRIPTAN,APO-FROVATRIPTAN,1,4985,98.5
N03AA02,INTRAMUSCULAR,PHENOBARBITAL,"PHENOBARBITAL SODIUM INJECTION, USP",1,4986,98.5
N03AX14,INTRAVENOUS,LEVETIRACETAM,PDP-LEVETIRACETAM,1,4987,98.5
N03AX18,INTRAVENOUS,LACOSAMIDE,VIMPAT,1,4988,98.5
N03AX23,ORAL,BRIVARACETAM,BRIVLERA,1,4989,98.5
N04AA01,ORAL,TRIHEXYPHENIDYL,TRIHEXYPHENIDYL,1,4990,98.6
N04AA05,ORAL,PROFENAMINE,PARSITAN 50MG,1,4991,98.6
N04BB01,ORAL,AMANTADINE,PDP-AMANTADINE HYDROCHLORIDE SYRUP,1,4992,98.6
N04BD01,ORAL,SELEGILINE,APO-SELEGILINE,1,4993,98.6
N05AA02,INTRAMUSCULAR,LEVOMEPROMAZINE,NOZINAN INJ 25MG/ML,1,4994,98.6
N05AA02,ORAL,LEVOMEPROMAZINE,METHOPRAZINE,1,4995,98.7
N05AB04,RECTAL,PROCHLORPERAZINE,SANDOZ PROCHLORPERAZINE,1,4996,98.7
N05AB06,ORAL,TRIFLUOPERAZINE,TRIFLUOPERAZINE,1,4997,98.7
N05AD01,INTRAMUSCULAR,HALOPERIDOL,HALOPERIDOL LA,1,4998,98.7
N05AH03,INTRAMUSCULAR,OLANZAPINE,OLANZAPINE FOR INJECTION,1,4999,98.7
N05BA01,INTRAMUSCULAR,DIAZEPAM,DIAZEPAM INJECTION USP,1,5000,98.8
N05BA01,ORAL,DIAZEPAM,DIAZEPAM,1,5001,98.8
N05BE01,ORAL,BUSPIRONE,TEVA-BUSPIRONE,1,5002,98.8
N05CD07,ORAL,TEMAZEPAM,RESTORIL,1,5003,98.8
N06AA01,ORAL,DESIPRAMINE,DESIPRAMINE,1,5004,98.8
N06AA12,ORAL,DOXEPIN,SINEQUAN,1,5005,98.9
N06BA12,ORAL,LISDEXAMFETAMINE,VYVANSE,1,5006,98.9
N07AB02,ORAL,BETHANECHOL,DUVOID TABLETS 25 MG,1,5007,98.9
N07CA03,ORAL,FLUNARIZINE,FLUNARIZINE,1,5008,98.9
P01AB01,ORAL,METRONIDAZOLE,AURO-METRONIDAZOLE,1,5009,98.9
P01AX06,ORAL,ATOVAQUONE,MEPRON,1,5010,99
P01BA01,ORAL,CHLOROQUINE,TEVA-CHLOROQUINE,1,5011,99
P01BA03,ORAL,PRIMAQUINE,PRIMAQUINE,1,5012,99
R01AA14,NASAL,EPINEPHRINE,ADRENALIN CHLORIDE SOL 1:1000,1,5013,99
R01AD05,INHALATION,BUDESONIDE,RHINOCORT TURBUHALER 100 MCG/DOSE,1,5014,99
R01AD08,NASAL,FLUTICASONE,TEVA-FLUTICASONE,1,5015,99.1
R01AD13,NASAL,CICLESONIDE,OMNARIS,1,5016,99.1
R01AX03,NASAL,IPRATROPIUM BROMIDE,IPRAVENT,1,5017,99.1
R03AC12,INHALATION,SALMETEROL,SEREVENT DISKUS (50MCG/DOSE),1,5018,99.1
R03AK06,INHALATION,SALMETEROL AND FLUTICASONE,ADVAIR 250 DISKUS,1,5019,99.1
R03AL03,INHALATION,VILANTEROL AND UMECLIDINIUM BROMIDE,ANORO ELLIPTA,1,5020,99.2
R03BA02,INHALATION,BUDESONIDE,TEVA-BUDESONIDE,1,5021,99.2
R03BA05,INHALATION,FLUTICASONE,FLOVENT DISKUS,1,5022,99.2
R03BC01,INHALATION,CROMOGLICIC ACID,PMS-SODIUM CROMOGLYCATE,1,5023,99.2
R03DA04,ORAL,THEOPHYLLINE,AA-THEO LA,1,5024,99.2
R03DA54,ORAL,"THEOPHYLLINE, COMBINATIONS EXCL. PSYCHOLEPTICS",CHOLEDYL EXPECTORANT ELIXIR,1,5025,99.2
R03DX07,ORAL,ROFLUMILAST,DAXAS,1,5026,99.3
R06AA02,INTRAMUSCULAR,DIPHENHYDRAMINE,DIMENHYDRINATE INJECTION USP WITH PRESERVATIVE,1,5027,99.3
R06AA02,RECTAL,DIPHENHYDRAMINE,SANDOZ DIMENHYDRINATE,1,5028,99.3
R06AE07,ORAL,CETIRIZINE,MAR-CETIRIZINE,1,5029,99.3
S01,OPHTHALMIC,OPHTHALMOLOGICALS,BEPREVE,1,5030,99.3
S01AA30,OPHTHALMIC,COMBINATIONS OF DIFFERENT ANTIBIOTICS,SANDOZ POLYTRIMETHOPRIM,1,5031,99.4
S01AE01,OPHTHALMIC,OFLOXACIN,OCUFLOX,1,5032,99.4
S01AE06,OPHTHALMIC,GATIFLOXACIN,ZYMAR,1,5033,99.4
S01BA01,INTRAVITREAL,DEXAMETHASONE,OZURDEX,1,5034,99.4
S01EA03,OPHTHALMIC,APRACLONIDINE,IOPIDINE,1,5035,99.4
S01EB01,OPHTHALMIC,PILOCARPINE,MINIMS PILOCARPINE NITRATE 2%,1,5036,99.5
S01EB02,INTRAOCULAR,CARBACHOL,MIOSTAT OPHTHALMIC LIQ 0.01%,1,5037,99.5
S01EC01,ORAL,ACETAZOLAMIDE,ACETAZOLAMIDE,1,5038,99.5
S01HA04,OPHTHALMIC,PROXYMETACAINE,ALCAINE,1,5039,99.5
S01JA01,OPHTHALMIC,FLUORESCEIN,MINIMS FLUORESCEIN SODIUM 2%,1,5040,99.5
S01JA51,OPHTHALMIC,"FLUORESCEIN, COMBINATIONS","FLUORESCEIN SODIUM & BENOXINATE HYDROCHLORIDE OPHTHALMIC SOLUTION, USP",1,5041,99.6
S01XA18,OPHTHALMIC,CICLOSPORIN,RESTASIS MULTIDOSE,1,5042,99.6
S01XA22,INTRAVITREAL,OCRIPLASMIN,JETREA,1,5043,99.6
S02CA02,OTIC,FLUMETASONE AND ANTIINFECTIVES,LOCACORTEN VIOFORM EARDROPS,1,5044,99.6
S02DA30,OTIC,COMBINATIONS,AURALGAN,1,5045,99.6
S03AA07,OPHTHALMIC,CIPROFLOXACIN,CILOXAN,1,5046,99.7
V03AB14,INTRAVENOUS,PROTAMINE,"PROTAMINE SULFATE INJECTION, USP",1,5047,99.7
V03AB24,INTRAVENOUS,DIGITALIS ANTITOXIN,DIGIFAB,1,5048,99.7
V03AB25,INTRAVENOUS,FLUMAZENIL,FLUMAZENIL INJECTION,1,5049,99.7
V03AB33,INTRAVENOUS,HYDROXOCOBALAMIN,CYANOKIT,1,5050,99.7
V03AB34,INTRAVENOUS,FOMEPIZOLE,FOMEPIZOLE FOR INJECTION,1,5051,99.8
V03AB37,INTRAVENOUS,IDARUCIZIMAB,PRAXBIND,1,5052,99.8
V03AE02,ORAL,SEVELAMER,RENVELA,1,5053,99.8
V03AE03,ORAL,LANTHANUM CARBONATE,FOSRENOL,1,5054,99.8
V03AF03,INTRAVENOUS,CALCIUM FOLINATE,LEUCOVORIN CALCIUM INJECTION USP,1,5055,99.8
V03AF03,ORAL,CALCIUM FOLINATE,LEDERLE LEUCOVORIN,1,5056,99.9
V03AH01,ORAL,DIAZOXIDE,PROGLYCEM,1,5057,99.9
V04CC03,INTRAVENOUS,SINCALIDE,KINEVAC,1,5058,99.9
V04CF01,INTRADERMAL,TUBERCULIN,TUBERSOL,1,5059,99.9
V09,INSTILLATION,DIAGNOSTIC RADIOPHARMACEUTICALS,TECHNELITE,1,5060,99.9
V09GX01,INTRAVENOUS,THALLIUM 201 TL CHLORIDE,THALLIUM,1,5061,100
V09HX01,INTRAVENOUS,GALLIUM 67 GA CITRATE,GALLIUM,1,5062,100
V10XA01,ORAL,SODIUM IODIDE 131 I,"DRAXIMAGE SODIUM IODIDE I131 CAPSULES, USP THERAPEUTIC",1,5063,100
